transaction_id,card_id,customer_id,merchant_id,merchant_name,merchant_category,transaction_date,amount,currency,transaction_type,transaction_status,payment_method,merchant_city,merchant_state,bank_name,card_type,customer_city,customer_state,description,transaction_month,is_successful,is_failure
TXN000000001,CARD000001,C000001,M000054,Sama Ltd,Grocery,2025-11-12,1749.06,INR,Purchase,Completed,Chip,Kolkata,West Bengal,ICICI Bank,Credit,Bengaluru,Karnataka,Operative mobile extranet,2025-11,True,False
TXN000000002,CARD000001,C000001,M000062,Buch-Lad,Grocery,2025-06-17,117.74,INR,Purchase,Completed,Online,Chennai,Tamil Nadu,ICICI Bank,Credit,Bengaluru,Karnataka,Innovative global adapter,2025-06,True,False
TXN000000003,CARD000002,C000002,M000084,Joshi-Kata,Entertainment,2025-06-10,646.83,INR,Purchase,Completed,Contactless,Delhi,Delhi,Axis Bank,Debit,Chennai,Tamil Nadu,Polarized 24/7 budgetary management,2025-06,True,False
TXN000000004,CARD000002,C000002,M000028,Mane and Sons,Electronics,2025-11-21,4035.34,INR,Refund,Completed,Contactless,Kolkata,West Bengal,Axis Bank,Debit,Chennai,Tamil Nadu,Decentralized fault-tolerant synergy,2025-11,True,False
TXN000000005,CARD000003,C000002,M000008,"Kakar, Dayal and Ganesan",Health & Wellness,2026-09-01,5553.16,INR,Purchase,Completed,Online,Pune,Maharashtra,Kotak Mahindra Bank,Credit,Chennai,Tamil Nadu,Automated regional architecture,2026-09,True,False
TXN000000006,CARD000003,C000002,M000013,"Bora, Mukherjee and Rajagopal",Retail,2025-07-28,1486.97,INR,Purchase,Completed,EMV,Delhi,Delhi,Kotak Mahindra Bank,Credit,Chennai,Tamil Nadu,Future-proofed user-facing collaboration,2025-07,True,False
TXN000000007,CARD000003,C000002,M000090,Kara-Sahota,Grocery,2025-09-25,1642.61,INR,Refund,Completed,Online,Ahmedabad,Gujarat,Kotak Mahindra Bank,Credit,Chennai,Tamil Nadu,Virtual transitional interface,2025-09,True,False
TXN000000008,CARD000003,C000002,M000076,Lal-Madan,Retail,2025-06-12,2348.28,INR,Purchase,Completed,Contactless,Chennai,Tamil Nadu,Kotak Mahindra Bank,Credit,Chennai,Tamil Nadu,Seamless incremental circuit,2025-06,True,False
TXN000000009,CARD000003,C000002,M000045,Kala-Das,Grocery,2025-05-29,279.55,INR,Refund,Completed,EMV,Mumbai,Maharashtra,Kotak Mahindra Bank,Credit,Chennai,Tamil Nadu,Automated context-sensitive Graphic Interface,2025-05,True,False
TXN000000010,CARD000003,C000002,M000038,Gill-Kapur,Entertainment,2025-10-27,2336.19,INR,Purchase,Completed,EMV,Delhi,Delhi,Kotak Mahindra Bank,Credit,Chennai,Tamil Nadu,Multi-channeled zero-defect success,2025-10,True,False
TXN000000011,CARD000003,C000002,M000071,Contractor-Dayal,Grocery,2025-12-19,375.39,INR,Purchase,Failed,Chip,Delhi,Delhi,Kotak Mahindra Bank,Credit,Chennai,Tamil Nadu,Cross-platform incremental array,2025-12,False,True
TXN000000012,CARD000003,C000002,M000080,Krishnamurthy LLC,Online Services,2025-05-01,5180.16,INR,Purchase,Completed,Online,Chennai,Tamil Nadu,Kotak Mahindra Bank,Credit,Chennai,Tamil Nadu,Versatile full-range functionalities,2025-05,True,False
TXN000000013,CARD000003,C000002,M000041,Patla-Anand,Travel,2026-02-09,3218.2,INR,Purchase,Completed,Chip,Bengaluru,Karnataka,Kotak Mahindra Bank,Credit,Chennai,Tamil Nadu,Total value-added moderator,2026-02,True,False
TXN000000014,CARD000003,C000002,M000052,"Pant, Mall and Grewal",Education,2026-09-10,5679.92,INR,Purchase,Completed,Online,Chennai,Tamil Nadu,Kotak Mahindra Bank,Credit,Chennai,Tamil Nadu,Public-key responsive superstructure,2026-09,True,False
TXN000000015,CARD000003,C000002,M000080,Krishnamurthy LLC,Online Services,2026-08-10,1814.47,INR,Purchase,Completed,Contactless,Chennai,Tamil Nadu,Kotak Mahindra Bank,Credit,Chennai,Tamil Nadu,Total secondary extranet,2026-08,True,False
TXN000000016,CARD000003,C000002,M000083,Wason Ltd,Entertainment,2026-07-19,6387.34,INR,Merchant Payment,Completed,Chip,Mumbai,Maharashtra,Kotak Mahindra Bank,Credit,Chennai,Tamil Nadu,Switchable analyzing methodology,2026-07,True,False
TXN000000017,CARD000003,C000002,M000020,Dutta-Apte,Online Services,2026-01-30,5954.59,INR,Purchase,Completed,EMV,Ahmedabad,Gujarat,Kotak Mahindra Bank,Credit,Chennai,Tamil Nadu,Expanded grid-enabled collaboration,2026-01,True,False
TXN000000018,CARD000003,C000002,M000013,"Bora, Mukherjee and Rajagopal",Retail,2026-08-14,678.0,INR,Purchase,Completed,Chip,Delhi,Delhi,Kotak Mahindra Bank,Credit,Chennai,Tamil Nadu,Ameliorated dynamic methodology,2026-08,True,False
TXN000000019,CARD000003,C000002,M000009,Mani-Babu,Travel,2026-08-12,7017.07,INR,Merchant Payment,Pending,Contactless,Pune,Maharashtra,Kotak Mahindra Bank,Credit,Chennai,Tamil Nadu,Optimized explicit database,2026-08,False,False
TXN000000020,CARD000005,C000003,M000090,Kara-Sahota,Grocery,2026-03-02,2339.22,INR,Refund,Failed,EMV,Ahmedabad,Gujarat,Axis Bank,Credit,Bengaluru,Karnataka,Networked homogeneous circuit,2026-03,False,True
TXN000000021,CARD000005,C000003,M000084,Joshi-Kata,Entertainment,2026-07-12,8384.09,INR,Purchase,Completed,EMV,Delhi,Delhi,Axis Bank,Credit,Bengaluru,Karnataka,Persevering neutral array,2026-07,True,False
TXN000000022,CARD000005,C000003,M000021,Balan-Bali,Restaurants,2026-06-24,2507.72,INR,Bill Payment,Completed,EMV,Mumbai,Maharashtra,Axis Bank,Credit,Bengaluru,Karnataka,Networked analyzing migration,2026-06,True,False
TXN000000023,CARD000005,C000003,M000030,"Varty, Rout and Banerjee",Retail,2026-08-03,1179.06,INR,Purchase,Completed,EMV,Lucknow,Uttar Pradesh,Axis Bank,Credit,Bengaluru,Karnataka,Assimilated regional moratorium,2026-08,True,False
TXN000000024,CARD000005,C000003,M000067,Dewan-Iyer,Electronics,2026-09-08,5525.48,INR,Purchase,Completed,Chip,Hyderabad,Telangana,Axis Bank,Credit,Bengaluru,Karnataka,Self-enabling multi-state throughput,2026-09,True,False
TXN000000025,CARD000005,C000003,M000082,"Bobal, Pai and Luthra",Grocery,2025-11-25,3008.34,INR,Purchase,Pending,Chip,Kolkata,West Bengal,Axis Bank,Credit,Bengaluru,Karnataka,Intuitive exuding concept,2025-11,False,False
TXN000000026,CARD000005,C000003,M000030,"Varty, Rout and Banerjee",Retail,2025-09-04,3187.66,INR,Purchase,Completed,Chip,Lucknow,Uttar Pradesh,Axis Bank,Credit,Bengaluru,Karnataka,Advanced regional focus group,2025-09,True,False
TXN000000027,CARD000005,C000003,M000011,Krishnamurthy and Sons,Online Services,2025-05-23,3803.33,INR,Purchase,Completed,Online,Bengaluru,Karnataka,Axis Bank,Credit,Bengaluru,Karnataka,Open-architected bi-directional ability,2025-05,True,False
TXN000000028,CARD000005,C000003,M000058,"Rattan, Merchant and Mishra",Grocery,2026-08-12,2826.61,INR,Bill Payment,Completed,Chip,Ahmedabad,Gujarat,Axis Bank,Credit,Bengaluru,Karnataka,Re-engineered transitional hierarchy,2026-08,True,False
TXN000000029,CARD000005,C000003,M000092,"Shanker, Lalla and Bora",Fashion,2026-08-09,7763.09,INR,Merchant Payment,Completed,EMV,Kolkata,West Bengal,Axis Bank,Credit,Bengaluru,Karnataka,Grass-roots logistical intranet,2026-08,True,False
TXN000000030,CARD000005,C000003,M000073,Bava-Bobal,Online Services,2025-09-17,452.38,INR,Purchase,Completed,Chip,Jaipur,Rajasthan,Axis Bank,Credit,Bengaluru,Karnataka,Managed encompassing encryption,2025-09,True,False
TXN000000031,CARD000005,C000003,M000047,Raval and Sons,Health & Wellness,2026-08-28,5731.07,INR,Purchase,Pending,Contactless,Kolkata,West Bengal,Axis Bank,Credit,Bengaluru,Karnataka,Self-enabling multi-state protocol,2026-08,False,False
TXN000000032,CARD000005,C000003,M000050,Aggarwal-Sule,Education,2025-10-06,2101.39,INR,Purchase,Completed,Contactless,Jaipur,Rajasthan,Axis Bank,Credit,Bengaluru,Karnataka,Proactive 4thgeneration collaboration,2025-10,True,False
TXN000000033,CARD000005,C000003,M000086,"Barad, Keer and Behl",Entertainment,2025-05-02,948.78,INR,Purchase,Pending,Chip,Lucknow,Uttar Pradesh,Axis Bank,Credit,Bengaluru,Karnataka,Right-sized empowering matrices,2025-05,False,False
TXN000000034,CARD000006,C000003,M000085,Sahni-Nagar,Travel,2025-06-27,5506.25,INR,Purchase,Pending,Contactless,Ahmedabad,Gujarat,HDFC Bank,Debit,Bengaluru,Karnataka,Enhanced reciprocal data-warehouse,2025-06,False,False
TXN000000035,CARD000006,C000003,M000011,Krishnamurthy and Sons,Online Services,2025-06-02,4394.22,INR,Merchant Payment,Completed,Online,Bengaluru,Karnataka,HDFC Bank,Debit,Bengaluru,Karnataka,Cross-group asymmetric solution,2025-06,True,False
TXN000000036,CARD000006,C000003,M000083,Wason Ltd,Entertainment,2025-07-26,8701.29,INR,Purchase,Completed,Contactless,Mumbai,Maharashtra,HDFC Bank,Debit,Bengaluru,Karnataka,Object-based real-time complexity,2025-07,True,False
TXN000000037,CARD000006,C000003,M000080,Krishnamurthy LLC,Online Services,2025-06-18,3477.89,INR,Purchase,Completed,Online,Chennai,Tamil Nadu,HDFC Bank,Debit,Bengaluru,Karnataka,Synchronized tangible protocol,2025-06,True,False
TXN000000038,CARD000006,C000003,M000049,Nayak PLC,Travel,2026-03-28,2486.58,INR,Purchase,Completed,Chip,Mumbai,Maharashtra,HDFC Bank,Debit,Bengaluru,Karnataka,Networked solution-oriented focus group,2026-03,True,False
TXN000000039,CARD000006,C000003,M000063,Chatterjee-Borde,Retail,2026-02-05,246.98,INR,Purchase,Completed,ATM,Mumbai,Maharashtra,HDFC Bank,Debit,Bengaluru,Karnataka,Visionary impactful implementation,2026-02,True,False
TXN000000040,CARD000006,C000003,M000081,"Madan, Balan and Bahl",Travel,2025-08-19,7796.98,INR,Purchase,Completed,Chip,Mumbai,Maharashtra,HDFC Bank,Debit,Bengaluru,Karnataka,Triple-buffered multi-tasking algorithm,2025-08,True,False
TXN000000041,CARD000006,C000003,M000054,Sama Ltd,Grocery,2025-06-10,3149.13,INR,Purchase,Completed,Contactless,Kolkata,West Bengal,HDFC Bank,Debit,Bengaluru,Karnataka,Inverse optimizing project,2025-06,True,False
TXN000000042,CARD000006,C000003,M000095,Sehgal-Bali,Education,2026-10-04,760.22,INR,Wallet Top-up,Completed,ATM,Chennai,Tamil Nadu,HDFC Bank,Debit,Bengaluru,Karnataka,Operative discrete Graphic Interface,2026-10,True,False
TXN000000043,CARD000006,C000003,M000068,Padmanabhan Group,Fashion,2026-01-23,7730.79,INR,Bill Payment,Completed,Chip,Bengaluru,Karnataka,HDFC Bank,Debit,Bengaluru,Karnataka,Organic object-oriented data-warehouse,2026-01,True,False
TXN000000044,CARD000006,C000003,M000011,Krishnamurthy and Sons,Online Services,2026-02-13,5428.67,INR,Purchase,Completed,Contactless,Bengaluru,Karnataka,HDFC Bank,Debit,Bengaluru,Karnataka,Programmable national strategy,2026-02,True,False
TXN000000045,CARD000006,C000003,M000067,Dewan-Iyer,Electronics,2025-04-15,3566.58,INR,Merchant Payment,Refunded,ATM,Hyderabad,Telangana,HDFC Bank,Debit,Bengaluru,Karnataka,Synergized incremental parallelism,2025-04,False,False
TXN000000046,CARD000006,C000003,M000016,Bala-Natarajan,Travel,2025-05-10,7638.68,INR,Bill Payment,Completed,Contactless,Mumbai,Maharashtra,HDFC Bank,Debit,Bengaluru,Karnataka,Sharable maximized projection,2025-05,True,False
TXN000000047,CARD000006,C000003,M000089,Savant Ltd,Travel,2026-07-15,7480.73,INR,Purchase,Completed,Online,Chennai,Tamil Nadu,HDFC Bank,Debit,Bengaluru,Karnataka,Synchronized analyzing emulation,2026-07,True,False
TXN000000048,CARD000006,C000003,M000080,Krishnamurthy LLC,Online Services,2026-07-05,3950.72,INR,Purchase,Completed,Contactless,Chennai,Tamil Nadu,HDFC Bank,Debit,Bengaluru,Karnataka,Focused directional approach,2026-07,True,False
TXN000000049,CARD000006,C000003,M000076,Lal-Madan,Retail,2025-05-23,3177.65,INR,Purchase,Completed,ATM,Chennai,Tamil Nadu,HDFC Bank,Debit,Bengaluru,Karnataka,Configurable regional toolset,2025-05,True,False
TXN000000050,CARD000006,C000003,M000045,Kala-Das,Grocery,2026-01-27,538.29,INR,Purchase,Pending,Contactless,Mumbai,Maharashtra,HDFC Bank,Debit,Bengaluru,Karnataka,Re-contextualized solution-oriented forecast,2026-01,False,False
TXN000000051,CARD000007,C000004,M000021,Balan-Bali,Restaurants,2025-12-15,1944.5,INR,Purchase,Refunded,Contactless,Mumbai,Maharashtra,HDFC Bank,Debit,Chennai,Tamil Nadu,Organized multi-tasking solution,2025-12,False,False
TXN000000052,CARD000007,C000004,M000044,"Sem, Ray and Ganesh",Health & Wellness,2026-02-04,3567.25,INR,Purchase,Completed,Contactless,Bengaluru,Karnataka,HDFC Bank,Debit,Chennai,Tamil Nadu,Reverse-engineered actuating structure,2026-02,True,False
TXN000000053,CARD000007,C000004,M000100,"Banik, Raman and Sarma",Travel,2026-02-23,1335.68,INR,Purchase,Completed,Online,Hyderabad,Telangana,HDFC Bank,Debit,Chennai,Tamil Nadu,Switchable maximized synergy,2026-02,True,False
TXN000000054,CARD000007,C000004,M000037,Sane PLC,Restaurants,2026-02-02,2935.26,INR,Purchase,Refunded,ATM,Jaipur,Rajasthan,HDFC Bank,Debit,Chennai,Tamil Nadu,Re-contextualized 6thgeneration info-mediaries,2026-02,False,False
TXN000000055,CARD000007,C000004,M000048,Chad Inc,Travel,2025-10-23,7598.29,INR,Purchase,Completed,ATM,Bengaluru,Karnataka,HDFC Bank,Debit,Chennai,Tamil Nadu,Multi-tiered analyzing artificial intelligence,2025-10,True,False
TXN000000056,CARD000007,C000004,M000049,Nayak PLC,Travel,2026-01-21,6287.83,INR,Bill Payment,Pending,ATM,Mumbai,Maharashtra,HDFC Bank,Debit,Chennai,Tamil Nadu,Total encompassing artificial intelligence,2026-01,False,False
TXN000000057,CARD000007,C000004,M000019,Sundaram LLC,Health & Wellness,2026-06-19,3069.03,INR,Purchase,Completed,Chip,Pune,Maharashtra,HDFC Bank,Debit,Chennai,Tamil Nadu,Digitized human-resource Graphic Interface,2026-06,True,False
TXN000000058,CARD000007,C000004,M000039,Chaudhuri-Om,Education,2025-10-03,1742.44,INR,Refund,Failed,Contactless,Bengaluru,Karnataka,HDFC Bank,Debit,Chennai,Tamil Nadu,Advanced incremental Graphic Interface,2025-10,False,True
TXN000000059,CARD000007,C000004,M000082,"Bobal, Pai and Luthra",Grocery,2025-07-27,3053.02,INR,Wallet Top-up,Refunded,Chip,Kolkata,West Bengal,HDFC Bank,Debit,Chennai,Tamil Nadu,Synchronized asymmetric parallelism,2025-07,False,False
TXN000000060,CARD000007,C000004,M000089,Savant Ltd,Travel,2026-08-05,7372.51,INR,Purchase,Pending,ATM,Chennai,Tamil Nadu,HDFC Bank,Debit,Chennai,Tamil Nadu,Vision-oriented value-added installation,2026-08,False,False
TXN000000061,CARD000007,C000004,M000024,"Balasubramanian, Khanna and Sani",Restaurants,2026-07-31,3266.36,INR,Wallet Top-up,Completed,Online,Hyderabad,Telangana,HDFC Bank,Debit,Chennai,Tamil Nadu,Reduced bandwidth-monitored protocol,2026-07,True,False
TXN000000062,CARD000007,C000004,M000046,Nanda-Varty,Electronics,2026-06-05,5099.87,INR,Purchase,Completed,ATM,Mumbai,Maharashtra,HDFC Bank,Debit,Chennai,Tamil Nadu,Synchronized client-driven product,2026-06,True,False
TXN000000063,CARD000007,C000004,M000059,Parekh-Cherian,Fashion,2025-10-20,9880.0,INR,Purchase,Completed,Contactless,Bengaluru,Karnataka,HDFC Bank,Debit,Chennai,Tamil Nadu,Configurable uniform access,2025-10,True,False
TXN000000064,CARD000007,C000004,M000060,"Gala, Balan and Ramanathan",Fashion,2025-07-26,7949.26,INR,Purchase,Completed,Online,Kolkata,West Bengal,HDFC Bank,Debit,Chennai,Tamil Nadu,Streamlined fault-tolerant focus group,2025-07,True,False
TXN000000065,CARD000007,C000004,M000025,Peri-Sagar,Online Services,2026-08-27,2187.69,INR,Purchase,Refunded,Contactless,Lucknow,Uttar Pradesh,HDFC Bank,Debit,Chennai,Tamil Nadu,Synchronized neutral product,2026-08,False,False
TXN000000066,CARD000007,C000004,M000018,Guha Group,Retail,2025-08-06,2311.62,INR,Refund,Failed,Contactless,Kolkata,West Bengal,HDFC Bank,Debit,Chennai,Tamil Nadu,Secured non-volatile support,2025-08,False,True
TXN000000067,CARD000007,C000004,M000058,"Rattan, Merchant and Mishra",Grocery,2026-01-04,3485.28,INR,Purchase,Completed,Online,Ahmedabad,Gujarat,HDFC Bank,Debit,Chennai,Tamil Nadu,Open-architected object-oriented time-frame,2026-01,True,False
TXN000000068,CARD000007,C000004,M000036,Patla-Date,Grocery,2025-11-06,445.19,INR,Purchase,Pending,Online,Delhi,Delhi,HDFC Bank,Debit,Chennai,Tamil Nadu,Multi-tiered directional adapter,2025-11,False,False
TXN000000069,CARD000008,C000004,M000084,Joshi-Kata,Entertainment,2025-09-24,9670.95,INR,Purchase,Completed,Contactless,Delhi,Delhi,ICICI Bank,Credit,Chennai,Tamil Nadu,Decentralized bandwidth-monitored monitoring,2025-09,True,False
TXN000000070,CARD000008,C000004,M000073,Bava-Bobal,Online Services,2025-05-20,2688.08,INR,Purchase,Completed,Online,Jaipur,Rajasthan,ICICI Bank,Credit,Chennai,Tamil Nadu,Pre-emptive actuating pricing structure,2025-05,True,False
TXN000000071,CARD000009,C000005,M000088,Manda-Borra,Travel,2026-02-28,330.37,INR,Refund,Completed,Chip,Bengaluru,Karnataka,Kotak Mahindra Bank,Credit,Jaipur,Rajasthan,Reactive global groupware,2026-02,True,False
TXN000000072,CARD000009,C000005,M000023,"Setty, Dalal and Mukherjee",Travel,2026-03-23,6856.26,INR,Purchase,Completed,Online,Hyderabad,Telangana,Kotak Mahindra Bank,Credit,Jaipur,Rajasthan,Self-enabling zero administration middleware,2026-03,True,False
TXN000000073,CARD000009,C000005,M000066,"Iyengar, Ratta and Parekh",Restaurants,2025-11-06,972.33,INR,Purchase,Completed,Contactless,Mumbai,Maharashtra,Kotak Mahindra Bank,Credit,Jaipur,Rajasthan,Future-proofed encompassing access,2025-11,True,False
TXN000000074,CARD000009,C000005,M000092,"Shanker, Lalla and Bora",Fashion,2026-03-02,7122.7,INR,Purchase,Completed,Online,Kolkata,West Bengal,Kotak Mahindra Bank,Credit,Jaipur,Rajasthan,Multi-lateral clear-thinking matrices,2026-03,True,False
TXN000000075,CARD000009,C000005,M000070,Kala-Borah,Fashion,2026-06-04,7221.57,INR,Purchase,Failed,Contactless,Delhi,Delhi,Kotak Mahindra Bank,Credit,Jaipur,Rajasthan,Horizontal disintermediate support,2026-06,False,True
TXN000000076,CARD000009,C000005,M000073,Bava-Bobal,Online Services,2025-06-29,1159.68,INR,Purchase,Completed,Online,Jaipur,Rajasthan,Kotak Mahindra Bank,Credit,Jaipur,Rajasthan,Down-sized stable portal,2025-06,True,False
TXN000000077,CARD000009,C000005,M000078,Gupta-Shetty,Grocery,2026-04-04,3209.74,INR,Purchase,Failed,EMV,Bengaluru,Karnataka,Kotak Mahindra Bank,Credit,Jaipur,Rajasthan,Progressive zero administration system engine,2026-04,False,True
TXN000000078,CARD000009,C000005,M000039,Chaudhuri-Om,Education,2026-04-11,3117.62,INR,Purchase,Completed,EMV,Bengaluru,Karnataka,Kotak Mahindra Bank,Credit,Jaipur,Rajasthan,Customer-focused attitude-oriented orchestration,2026-04,True,False
TXN000000079,CARD000010,C000005,M000001,"Andra, Chaudhry and Dugar",Education,2026-05-13,5643.09,INR,Bill Payment,Completed,EMV,Kolkata,West Bengal,HDFC Bank,Credit,Jaipur,Rajasthan,Operative grid-enabled core,2026-05,True,False
TXN000000080,CARD000010,C000005,M000082,"Bobal, Pai and Luthra",Grocery,2026-05-24,270.26,INR,Purchase,Completed,EMV,Kolkata,West Bengal,HDFC Bank,Credit,Jaipur,Rajasthan,Mandatory client-server installation,2026-05,True,False
TXN000000081,CARD000010,C000005,M000054,Sama Ltd,Grocery,2025-07-16,2408.76,INR,Purchase,Completed,Online,Kolkata,West Bengal,HDFC Bank,Credit,Jaipur,Rajasthan,Versatile multi-state methodology,2025-07,True,False
TXN000000082,CARD000010,C000005,M000030,"Varty, Rout and Banerjee",Retail,2026-08-20,3397.62,INR,Wallet Top-up,Refunded,EMV,Lucknow,Uttar Pradesh,HDFC Bank,Credit,Jaipur,Rajasthan,Distributed system-worthy support,2026-08,False,False
TXN000000083,CARD000010,C000005,M000029,Dhillon-Chada,Electronics,2026-03-01,4201.3,INR,Merchant Payment,Completed,Contactless,Pune,Maharashtra,HDFC Bank,Credit,Jaipur,Rajasthan,Ergonomic hybrid conglomeration,2026-03,True,False
TXN000000084,CARD000010,C000005,M000033,"Deshmukh, Sharma and Toor",Online Services,2025-10-30,3849.14,INR,Purchase,Pending,EMV,Hyderabad,Telangana,HDFC Bank,Credit,Jaipur,Rajasthan,Secured secondary adapter,2025-10,False,False
TXN000000085,CARD000010,C000005,M000097,Sanghvi-Parmer,Health & Wellness,2026-01-15,676.94,INR,Refund,Completed,Online,Chennai,Tamil Nadu,HDFC Bank,Credit,Jaipur,Rajasthan,Automated bi-directional encoding,2026-01,True,False
TXN000000086,CARD000010,C000005,M000028,Mane and Sons,Electronics,2026-07-20,1666.53,INR,Wallet Top-up,Refunded,Contactless,Kolkata,West Bengal,HDFC Bank,Credit,Jaipur,Rajasthan,User-friendly secondary methodology,2026-07,False,False
TXN000000087,CARD000011,C000005,M000015,Subramanian-Verma,Restaurants,2026-05-27,958.61,INR,Purchase,Completed,Contactless,Ahmedabad,Gujarat,ICICI Bank,Debit,Jaipur,Rajasthan,Triple-buffered leadingedge hardware,2026-05,True,False
TXN000000088,CARD000011,C000005,M000059,Parekh-Cherian,Fashion,2025-07-28,3063.9,INR,Purchase,Completed,ATM,Bengaluru,Karnataka,ICICI Bank,Debit,Jaipur,Rajasthan,Multi-lateral 6thgeneration Graphical User Interface,2025-07,True,False
TXN000000089,CARD000011,C000005,M000096,"Goyal, Chahal and Sachdeva",Grocery,2025-11-29,421.84,INR,Bill Payment,Completed,Contactless,Hyderabad,Telangana,ICICI Bank,Debit,Jaipur,Rajasthan,Re-engineered content-based complexity,2025-11,True,False
TXN000000090,CARD000011,C000005,M000001,"Andra, Chaudhry and Dugar",Education,2026-06-12,4149.66,INR,Purchase,Disputed,Chip,Kolkata,West Bengal,ICICI Bank,Debit,Jaipur,Rajasthan,Innovative 6thgeneration forecast,2026-06,False,False
TXN000000091,CARD000011,C000005,M000020,Dutta-Apte,Online Services,2026-04-19,470.94,INR,Purchase,Completed,Contactless,Ahmedabad,Gujarat,ICICI Bank,Debit,Jaipur,Rajasthan,Sharable multi-state monitoring,2026-04,True,False
TXN000000092,CARD000011,C000005,M000051,"Hegde, Choudhury and Shenoy",Retail,2026-07-30,2668.23,INR,Purchase,Completed,Contactless,Chennai,Tamil Nadu,ICICI Bank,Debit,Jaipur,Rajasthan,Enhanced global paradigm,2026-07,True,False
TXN000000093,CARD000011,C000005,M000078,Gupta-Shetty,Grocery,2026-08-11,426.78,INR,Refund,Completed,ATM,Bengaluru,Karnataka,ICICI Bank,Debit,Jaipur,Rajasthan,Horizontal interactive attitude,2026-08,True,False
TXN000000094,CARD000011,C000005,M000042,Mahajan Inc,Fashion,2025-08-28,4056.42,INR,Refund,Completed,Contactless,Delhi,Delhi,ICICI Bank,Debit,Jaipur,Rajasthan,Diverse zero-defect benchmark,2025-08,True,False
TXN000000095,CARD000011,C000005,M000044,"Sem, Ray and Ganesh",Health & Wellness,2026-09-28,1285.02,INR,Purchase,Completed,Contactless,Bengaluru,Karnataka,ICICI Bank,Debit,Jaipur,Rajasthan,Object-based homogeneous support,2026-09,True,False
TXN000000096,CARD000011,C000005,M000072,Jani and Sons,Electronics,2025-11-17,6002.09,INR,Purchase,Completed,Contactless,Lucknow,Uttar Pradesh,ICICI Bank,Debit,Jaipur,Rajasthan,Horizontal bi-directional conglomeration,2025-11,True,False
TXN000000097,CARD000011,C000005,M000067,Dewan-Iyer,Electronics,2026-03-04,5367.24,INR,Purchase,Completed,Online,Hyderabad,Telangana,ICICI Bank,Debit,Jaipur,Rajasthan,Multi-layered web-enabled task-force,2026-03,True,False
TXN000000098,CARD000011,C000005,M000026,"Ray, Saraf and Barad",Education,2025-08-03,4564.97,INR,Purchase,Completed,Chip,Jaipur,Rajasthan,ICICI Bank,Debit,Jaipur,Rajasthan,Secured local standardization,2025-08,True,False
TXN000000099,CARD000011,C000005,M000058,"Rattan, Merchant and Mishra",Grocery,2026-03-24,2951.67,INR,Refund,Failed,Online,Ahmedabad,Gujarat,ICICI Bank,Debit,Jaipur,Rajasthan,Multi-tiered regional migration,2026-03,False,True
TXN000000100,CARD000011,C000005,M000026,"Ray, Saraf and Barad",Education,2026-02-05,2081.45,INR,Purchase,Completed,Online,Jaipur,Rajasthan,ICICI Bank,Debit,Jaipur,Rajasthan,Digitized modular attitude,2026-02,True,False
TXN000000101,CARD000011,C000005,M000077,Boase and Sons,Grocery,2025-11-17,1369.57,INR,Merchant Payment,Failed,ATM,Bengaluru,Karnataka,ICICI Bank,Debit,Jaipur,Rajasthan,Decentralized encompassing array,2025-11,False,True
TXN000000102,CARD000011,C000005,M000003,Shah-Pal,Travel,2025-12-02,9030.59,INR,Wallet Top-up,Completed,Chip,Chennai,Tamil Nadu,ICICI Bank,Debit,Jaipur,Rajasthan,Future-proofed asynchronous system engine,2025-12,True,False
TXN000000103,CARD000011,C000005,M000078,Gupta-Shetty,Grocery,2025-08-09,2328.15,INR,Merchant Payment,Completed,ATM,Bengaluru,Karnataka,ICICI Bank,Debit,Jaipur,Rajasthan,Ameliorated national contingency,2025-08,True,False
TXN000000104,CARD000011,C000005,M000079,"Agarwal, Dalal and Krishnamurthy",Fashion,2026-08-21,7457.45,INR,Purchase,Completed,Online,Delhi,Delhi,ICICI Bank,Debit,Jaipur,Rajasthan,Horizontal 3rdgeneration alliance,2026-08,True,False
TXN000000105,CARD000012,C000006,M000086,"Barad, Keer and Behl",Entertainment,2025-06-17,7156.76,INR,Bill Payment,Completed,Contactless,Lucknow,Uttar Pradesh,State Bank of India,Credit,Chennai,Tamil Nadu,Team-oriented upward-trending ability,2025-06,True,False
TXN000000106,CARD000012,C000006,M000087,Chowdhury Inc,Entertainment,2026-03-18,3830.77,INR,Purchase,Completed,EMV,Kolkata,West Bengal,State Bank of India,Credit,Chennai,Tamil Nadu,Front-line well-modulated knowledge user,2026-03,True,False
TXN000000107,CARD000012,C000006,M000085,Sahni-Nagar,Travel,2026-07-21,2195.3,INR,Purchase,Failed,Contactless,Ahmedabad,Gujarat,State Bank of India,Credit,Chennai,Tamil Nadu,Open-source contextually-based middleware,2026-07,False,True
TXN000000108,CARD000012,C000006,M000025,Peri-Sagar,Online Services,2026-05-10,3402.75,INR,Purchase,Completed,EMV,Lucknow,Uttar Pradesh,State Bank of India,Credit,Chennai,Tamil Nadu,Seamless even-keeled help-desk,2026-05,True,False
TXN000000109,CARD000012,C000006,M000063,Chatterjee-Borde,Retail,2026-05-04,2779.15,INR,Merchant Payment,Completed,EMV,Mumbai,Maharashtra,State Bank of India,Credit,Chennai,Tamil Nadu,Stand-alone systematic approach,2026-05,True,False
TXN000000110,CARD000012,C000006,M000069,Sarraf Ltd,Retail,2025-12-05,550.22,INR,Purchase,Pending,EMV,Jaipur,Rajasthan,State Bank of India,Credit,Chennai,Tamil Nadu,Ergonomic intangible knowledgebase,2025-12,False,False
TXN000000111,CARD000012,C000006,M000093,Nath Inc,Travel,2026-05-03,8913.41,INR,Merchant Payment,Completed,Contactless,Hyderabad,Telangana,State Bank of India,Credit,Chennai,Tamil Nadu,Public-key bifurcated projection,2026-05,True,False
TXN000000112,CARD000012,C000006,M000033,"Deshmukh, Sharma and Toor",Online Services,2026-07-23,4461.78,INR,Purchase,Failed,Chip,Hyderabad,Telangana,State Bank of India,Credit,Chennai,Tamil Nadu,Down-sized maximized toolset,2026-07,False,True
TXN000000113,CARD000012,C000006,M000092,"Shanker, Lalla and Bora",Fashion,2026-01-04,4165.25,INR,Wallet Top-up,Completed,Chip,Kolkata,West Bengal,State Bank of India,Credit,Chennai,Tamil Nadu,Monitored tangible hub,2026-01,True,False
TXN000000114,CARD000012,C000006,M000091,Dhaliwal-Pandey,Health & Wellness,2025-09-12,5007.27,INR,Purchase,Completed,Chip,Hyderabad,Telangana,State Bank of India,Credit,Chennai,Tamil Nadu,Mandatory hybrid solution,2025-09,True,False
TXN000000115,CARD000015,C000007,M000065,Basu Group,Online Services,2025-09-09,3609.24,INR,Wallet Top-up,Completed,Contactless,Chennai,Tamil Nadu,State Bank of India,Credit,Mumbai,Maharashtra,Horizontal directional challenge,2025-09,True,False
TXN000000116,CARD000015,C000007,M000001,"Andra, Chaudhry and Dugar",Education,2026-09-03,4831.07,INR,Purchase,Completed,Online,Kolkata,West Bengal,State Bank of India,Credit,Mumbai,Maharashtra,User-friendly clear-thinking ability,2026-09,True,False
TXN000000117,CARD000015,C000007,M000052,"Pant, Mall and Grewal",Education,2025-07-31,1131.11,INR,Purchase,Pending,EMV,Chennai,Tamil Nadu,State Bank of India,Credit,Mumbai,Maharashtra,Organized zero-defect software,2025-07,False,False
TXN000000118,CARD000016,C000008,M000001,"Andra, Chaudhry and Dugar",Education,2025-11-10,3549.35,INR,Merchant Payment,Completed,EMV,Kolkata,West Bengal,ICICI Bank,Credit,Chennai,Tamil Nadu,Phased systematic monitoring,2025-11,True,False
TXN000000119,CARD000016,C000008,M000065,Basu Group,Online Services,2026-08-04,5682.14,INR,Purchase,Pending,Chip,Chennai,Tamil Nadu,ICICI Bank,Credit,Chennai,Tamil Nadu,Multi-channeled even-keeled benchmark,2026-08,False,False
TXN000000120,CARD000016,C000008,M000062,Buch-Lad,Grocery,2025-06-20,2240.44,INR,Purchase,Pending,Contactless,Chennai,Tamil Nadu,ICICI Bank,Credit,Chennai,Tamil Nadu,Realigned didactic toolset,2025-06,False,False
TXN000000121,CARD000016,C000008,M000006,"Pai, Sawhney and Chad",Travel,2026-01-29,4030.06,INR,Purchase,Completed,Chip,Jaipur,Rajasthan,ICICI Bank,Credit,Chennai,Tamil Nadu,Managed solution-oriented knowledge user,2026-01,True,False
TXN000000122,CARD000016,C000008,M000028,Mane and Sons,Electronics,2025-10-31,8711.23,INR,Purchase,Completed,Contactless,Kolkata,West Bengal,ICICI Bank,Credit,Chennai,Tamil Nadu,Front-line contextually-based Internet solution,2025-10,True,False
TXN000000123,CARD000016,C000008,M000052,"Pant, Mall and Grewal",Education,2026-06-26,4022.86,INR,Purchase,Completed,Contactless,Chennai,Tamil Nadu,ICICI Bank,Credit,Chennai,Tamil Nadu,Face-to-face non-volatile interface,2026-06,True,False
TXN000000124,CARD000016,C000008,M000054,Sama Ltd,Grocery,2026-05-16,2219.92,INR,Purchase,Completed,Contactless,Kolkata,West Bengal,ICICI Bank,Credit,Chennai,Tamil Nadu,Ergonomic clear-thinking support,2026-05,True,False
TXN000000125,CARD000016,C000008,M000053,Dhingra Inc,Education,2025-12-13,684.57,INR,Purchase,Completed,Chip,Bengaluru,Karnataka,ICICI Bank,Credit,Chennai,Tamil Nadu,Function-based systemic framework,2025-12,True,False
TXN000000126,CARD000016,C000008,M000074,"Halder, Oommen and Varty",Travel,2026-01-25,3710.05,INR,Purchase,Completed,Contactless,Lucknow,Uttar Pradesh,ICICI Bank,Credit,Chennai,Tamil Nadu,Adaptive modular secured line,2026-01,True,False
TXN000000127,CARD000016,C000008,M000009,Mani-Babu,Travel,2026-05-20,5917.49,INR,Purchase,Completed,Online,Pune,Maharashtra,ICICI Bank,Credit,Chennai,Tamil Nadu,Ameliorated context-sensitive service-desk,2026-05,True,False
TXN000000128,CARD000017,C000008,M000014,Karnik-Walla,Electronics,2026-04-12,1906.52,INR,Purchase,Completed,Chip,Kolkata,West Bengal,State Bank of India,Debit,Chennai,Tamil Nadu,Profit-focused 4thgeneration Graphical User Interface,2026-04,True,False
TXN000000129,CARD000017,C000008,M000068,Padmanabhan Group,Fashion,2025-09-20,8239.75,INR,Wallet Top-up,Completed,Contactless,Bengaluru,Karnataka,State Bank of India,Debit,Chennai,Tamil Nadu,Switchable web-enabled toolset,2025-09,True,False
TXN000000130,CARD000017,C000008,M000011,Krishnamurthy and Sons,Online Services,2026-01-04,1336.79,INR,Purchase,Failed,ATM,Bengaluru,Karnataka,State Bank of India,Debit,Chennai,Tamil Nadu,Profound empowering time-frame,2026-01,False,True
TXN000000131,CARD000017,C000008,M000016,Bala-Natarajan,Travel,2025-06-23,2882.71,INR,Purchase,Completed,Contactless,Mumbai,Maharashtra,State Bank of India,Debit,Chennai,Tamil Nadu,Focused mobile data-warehouse,2025-06,True,False
TXN000000132,CARD000017,C000008,M000039,Chaudhuri-Om,Education,2026-06-27,5671.56,INR,Purchase,Completed,ATM,Bengaluru,Karnataka,State Bank of India,Debit,Chennai,Tamil Nadu,Persevering discrete software,2026-06,True,False
TXN000000133,CARD000017,C000008,M000065,Basu Group,Online Services,2025-12-07,3691.42,INR,Refund,Refunded,Chip,Chennai,Tamil Nadu,State Bank of India,Debit,Chennai,Tamil Nadu,Quality-focused transitional conglomeration,2025-12,False,False
TXN000000134,CARD000018,C000008,M000016,Bala-Natarajan,Travel,2025-10-05,4649.3,INR,Purchase,Pending,Contactless,Mumbai,Maharashtra,State Bank of India,Credit,Chennai,Tamil Nadu,Reduced solution-oriented complexity,2025-10,False,False
TXN000000135,CARD000018,C000008,M000067,Dewan-Iyer,Electronics,2026-07-01,3966.43,INR,Purchase,Pending,Contactless,Hyderabad,Telangana,State Bank of India,Credit,Chennai,Tamil Nadu,Down-sized modular productivity,2026-07,False,False
TXN000000136,CARD000019,C000009,M000088,Manda-Borra,Travel,2025-07-30,1482.67,INR,Refund,Completed,Contactless,Bengaluru,Karnataka,Kotak Mahindra Bank,Debit,Bengaluru,Karnataka,Focused well-modulated forecast,2025-07,True,False
TXN000000137,CARD000020,C000010,M000003,Shah-Pal,Travel,2026-08-01,4364.45,INR,Purchase,Completed,EMV,Chennai,Tamil Nadu,Axis Bank,Credit,Hyderabad,Telangana,Phased mission-critical knowledge user,2026-08,True,False
TXN000000138,CARD000021,C000011,M000046,Nanda-Varty,Electronics,2026-02-02,3312.42,INR,Purchase,Pending,Chip,Mumbai,Maharashtra,HDFC Bank,Credit,Bengaluru,Karnataka,Innovative motivating open system,2026-02,False,False
TXN000000139,CARD000021,C000011,M000019,Sundaram LLC,Health & Wellness,2026-03-02,1398.15,INR,Purchase,Disputed,Chip,Pune,Maharashtra,HDFC Bank,Credit,Bengaluru,Karnataka,Optional discrete implementation,2026-03,False,False
TXN000000140,CARD000021,C000011,M000060,"Gala, Balan and Ramanathan",Fashion,2025-11-04,904.06,INR,Purchase,Completed,Online,Kolkata,West Bengal,HDFC Bank,Credit,Bengaluru,Karnataka,Adaptive leadingedge moratorium,2025-11,True,False
TXN000000141,CARD000021,C000011,M000060,"Gala, Balan and Ramanathan",Fashion,2026-06-02,2503.71,INR,Purchase,Pending,EMV,Kolkata,West Bengal,HDFC Bank,Credit,Bengaluru,Karnataka,User-friendly methodical productivity,2026-06,False,False
TXN000000142,CARD000022,C000011,M000014,Karnik-Walla,Electronics,2025-05-28,595.82,INR,Refund,Completed,Contactless,Kolkata,West Bengal,Kotak Mahindra Bank,Credit,Bengaluru,Karnataka,Pre-emptive dynamic functionalities,2025-05,True,False
TXN000000143,CARD000022,C000011,M000069,Sarraf Ltd,Retail,2026-08-19,3392.51,INR,Bill Payment,Completed,EMV,Jaipur,Rajasthan,Kotak Mahindra Bank,Credit,Bengaluru,Karnataka,Up-sized multi-tasking workforce,2026-08,True,False
TXN000000144,CARD000022,C000011,M000057,Bora-Grewal,Health & Wellness,2026-05-27,2093.23,INR,Purchase,Completed,Contactless,Bengaluru,Karnataka,Kotak Mahindra Bank,Credit,Bengaluru,Karnataka,Switchable modular instruction set,2026-05,True,False
TXN000000145,CARD000022,C000011,M000096,"Goyal, Chahal and Sachdeva",Grocery,2026-09-25,432.06,INR,Refund,Completed,Contactless,Hyderabad,Telangana,Kotak Mahindra Bank,Credit,Bengaluru,Karnataka,Enterprise-wide value-added hardware,2026-09,True,False
TXN000000146,CARD000022,C000011,M000024,"Balasubramanian, Khanna and Sani",Restaurants,2026-03-16,1866.73,INR,Purchase,Refunded,Contactless,Hyderabad,Telangana,Kotak Mahindra Bank,Credit,Bengaluru,Karnataka,Mandatory discrete support,2026-03,False,False
TXN000000147,CARD000022,C000011,M000084,Joshi-Kata,Entertainment,2025-05-08,4618.97,INR,Purchase,Completed,Online,Delhi,Delhi,Kotak Mahindra Bank,Credit,Bengaluru,Karnataka,Operative directional initiative,2025-05,True,False
TXN000000148,CARD000022,C000011,M000052,"Pant, Mall and Grewal",Education,2025-07-03,3315.4,INR,Purchase,Refunded,Contactless,Chennai,Tamil Nadu,Kotak Mahindra Bank,Credit,Bengaluru,Karnataka,Programmable 4thgeneration standardization,2025-07,False,False
TXN000000149,CARD000022,C000011,M000073,Bava-Bobal,Online Services,2026-08-03,1948.87,INR,Bill Payment,Completed,Chip,Jaipur,Rajasthan,Kotak Mahindra Bank,Credit,Bengaluru,Karnataka,Ergonomic eco-centric product,2026-08,True,False
TXN000000150,CARD000022,C000011,M000036,Patla-Date,Grocery,2026-08-04,939.9,INR,Purchase,Completed,Chip,Delhi,Delhi,Kotak Mahindra Bank,Credit,Bengaluru,Karnataka,Multi-tiered heuristic synergy,2026-08,True,False
TXN000000151,CARD000022,C000011,M000092,"Shanker, Lalla and Bora",Fashion,2026-03-24,2196.85,INR,Purchase,Completed,EMV,Kolkata,West Bengal,Kotak Mahindra Bank,Credit,Bengaluru,Karnataka,Versatile discrete forecast,2026-03,True,False
TXN000000152,CARD000022,C000011,M000007,"Chowdhury, Nagar and Nanda",Online Services,2026-06-20,650.49,INR,Refund,Completed,Chip,Kolkata,West Bengal,Kotak Mahindra Bank,Credit,Bengaluru,Karnataka,Profit-focused systematic leverage,2026-06,True,False
TXN000000153,CARD000025,C000013,M000022,Pingle-Ramachandran,Health & Wellness,2025-11-15,4251.27,INR,Purchase,Pending,EMV,Ahmedabad,Gujarat,Axis Bank,Credit,Chennai,Tamil Nadu,Extended client-server success,2025-11,False,False
TXN000000154,CARD000026,C000014,M000068,Padmanabhan Group,Fashion,2026-09-27,9679.35,INR,Purchase,Completed,ATM,Bengaluru,Karnataka,HDFC Bank,Debit,Kolkata,West Bengal,Monitored zero administration definition,2026-09,True,False
TXN000000155,CARD000026,C000014,M000078,Gupta-Shetty,Grocery,2025-07-14,3491.15,INR,Purchase,Completed,Online,Bengaluru,Karnataka,HDFC Bank,Debit,Kolkata,West Bengal,Function-based foreground Graphic Interface,2025-07,True,False
TXN000000156,CARD000026,C000014,M000042,Mahajan Inc,Fashion,2025-05-05,4711.4,INR,Purchase,Completed,Online,Delhi,Delhi,HDFC Bank,Debit,Kolkata,West Bengal,Sharable needs-based capacity,2025-05,True,False
TXN000000157,CARD000026,C000014,M000054,Sama Ltd,Grocery,2026-04-07,2344.18,INR,Purchase,Completed,Chip,Kolkata,West Bengal,HDFC Bank,Debit,Kolkata,West Bengal,Horizontal clear-thinking budgetary management,2026-04,True,False
TXN000000158,CARD000026,C000014,M000078,Gupta-Shetty,Grocery,2026-07-19,2902.47,INR,Purchase,Failed,Chip,Bengaluru,Karnataka,HDFC Bank,Debit,Kolkata,West Bengal,Triple-buffered logistical matrix,2026-07,False,True
TXN000000159,CARD000026,C000014,M000080,Krishnamurthy LLC,Online Services,2025-07-01,3288.13,INR,Purchase,Pending,Online,Chennai,Tamil Nadu,HDFC Bank,Debit,Kolkata,West Bengal,Future-proofed needs-based parallelism,2025-07,False,False
TXN000000160,CARD000028,C000016,M000013,"Bora, Mukherjee and Rajagopal",Retail,2026-09-07,3485.38,INR,Purchase,Completed,EMV,Delhi,Delhi,State Bank of India,Credit,Lucknow,Uttar Pradesh,Front-line 24hour software,2026-09,True,False
TXN000000161,CARD000029,C000017,M000087,Chowdhury Inc,Entertainment,2026-01-01,1274.14,INR,Refund,Completed,EMV,Kolkata,West Bengal,Axis Bank,Credit,Ahmedabad,Gujarat,Upgradable disintermediate architecture,2026-01,True,False
TXN000000162,CARD000029,C000017,M000089,Savant Ltd,Travel,2025-08-13,3257.0,INR,Purchase,Completed,EMV,Chennai,Tamil Nadu,Axis Bank,Credit,Ahmedabad,Gujarat,Balanced human-resource hardware,2025-08,True,False
TXN000000163,CARD000029,C000017,M000036,Patla-Date,Grocery,2025-07-28,2581.72,INR,Bill Payment,Completed,EMV,Delhi,Delhi,Axis Bank,Credit,Ahmedabad,Gujarat,Total client-driven infrastructure,2025-07,True,False
TXN000000164,CARD000029,C000017,M000001,"Andra, Chaudhry and Dugar",Education,2026-06-14,4267.63,INR,Purchase,Completed,EMV,Kolkata,West Bengal,Axis Bank,Credit,Ahmedabad,Gujarat,Cloned system-worthy orchestration,2026-06,True,False
TXN000000165,CARD000029,C000017,M000077,Boase and Sons,Grocery,2025-08-28,326.65,INR,Bill Payment,Completed,Contactless,Bengaluru,Karnataka,Axis Bank,Credit,Ahmedabad,Gujarat,Robust secondary synergy,2025-08,True,False
TXN000000166,CARD000029,C000017,M000043,Nadkarni Inc,Education,2026-02-05,3429.54,INR,Purchase,Completed,Contactless,Delhi,Delhi,Axis Bank,Credit,Ahmedabad,Gujarat,Configurable context-sensitive project,2026-02,True,False
TXN000000167,CARD000029,C000017,M000037,Sane PLC,Restaurants,2026-04-06,2448.2,INR,Bill Payment,Completed,Chip,Jaipur,Rajasthan,Axis Bank,Credit,Ahmedabad,Gujarat,Inverse zero tolerance open architecture,2026-04,True,False
TXN000000168,CARD000029,C000017,M000094,Raju Ltd,Electronics,2026-01-30,1175.96,INR,Refund,Completed,Contactless,Kolkata,West Bengal,Axis Bank,Credit,Ahmedabad,Gujarat,Phased human-resource paradigm,2026-01,True,False
TXN000000169,CARD000029,C000017,M000029,Dhillon-Chada,Electronics,2025-08-22,6800.28,INR,Purchase,Completed,Contactless,Pune,Maharashtra,Axis Bank,Credit,Ahmedabad,Gujarat,Mandatory contextually-based migration,2025-08,True,False
TXN000000170,CARD000029,C000017,M000022,Pingle-Ramachandran,Health & Wellness,2025-11-13,2960.39,INR,Purchase,Completed,Chip,Ahmedabad,Gujarat,Axis Bank,Credit,Ahmedabad,Gujarat,Sharable 24/7 concept,2025-11,True,False
TXN000000171,CARD000029,C000017,M000090,Kara-Sahota,Grocery,2026-06-24,625.24,INR,Bill Payment,Pending,Chip,Ahmedabad,Gujarat,Axis Bank,Credit,Ahmedabad,Gujarat,Reverse-engineered motivating access,2026-06,False,False
TXN000000172,CARD000029,C000017,M000070,Kala-Borah,Fashion,2026-05-06,901.08,INR,Purchase,Completed,Contactless,Delhi,Delhi,Axis Bank,Credit,Ahmedabad,Gujarat,Quality-focused needs-based software,2026-05,True,False
TXN000000173,CARD000029,C000017,M000066,"Iyengar, Ratta and Parekh",Restaurants,2026-07-06,357.73,INR,Purchase,Completed,Chip,Mumbai,Maharashtra,Axis Bank,Credit,Ahmedabad,Gujarat,Enhanced multi-state model,2026-07,True,False
TXN000000174,CARD000030,C000017,M000009,Mani-Babu,Travel,2026-06-07,3258.06,INR,Purchase,Completed,Contactless,Pune,Maharashtra,HDFC Bank,Debit,Ahmedabad,Gujarat,Innovative discrete workforce,2026-06,True,False
TXN000000175,CARD000030,C000017,M000071,Contractor-Dayal,Grocery,2026-06-04,1421.1,INR,Merchant Payment,Completed,Online,Delhi,Delhi,HDFC Bank,Debit,Ahmedabad,Gujarat,Inverse dedicated system engine,2026-06,True,False
TXN000000176,CARD000033,C000019,M000036,Patla-Date,Grocery,2025-04-25,510.14,INR,Bill Payment,Completed,Contactless,Delhi,Delhi,State Bank of India,Credit,Kolkata,West Bengal,Sharable maximized application,2025-04,True,False
TXN000000177,CARD000033,C000019,M000063,Chatterjee-Borde,Retail,2026-03-31,959.31,INR,Refund,Completed,EMV,Mumbai,Maharashtra,State Bank of India,Credit,Kolkata,West Bengal,Multi-lateral value-added adapter,2026-03,True,False
TXN000000178,CARD000033,C000019,M000052,"Pant, Mall and Grewal",Education,2025-07-17,4959.82,INR,Purchase,Completed,EMV,Chennai,Tamil Nadu,State Bank of India,Credit,Kolkata,West Bengal,Horizontal dedicated Graphic Interface,2025-07,True,False
TXN000000179,CARD000033,C000019,M000027,"Dasgupta, Padmanabhan and Mahajan",Online Services,2026-01-04,3837.05,INR,Purchase,Completed,Online,Pune,Maharashtra,State Bank of India,Credit,Kolkata,West Bengal,Streamlined heuristic policy,2026-01,True,False
TXN000000180,CARD000034,C000019,M000008,"Kakar, Dayal and Ganesan",Health & Wellness,2026-06-13,703.15,INR,Merchant Payment,Pending,Online,Pune,Maharashtra,HDFC Bank,Credit,Kolkata,West Bengal,Future-proofed radical implementation,2026-06,False,False
TXN000000181,CARD000034,C000019,M000038,Gill-Kapur,Entertainment,2025-09-20,7974.06,INR,Purchase,Pending,EMV,Delhi,Delhi,HDFC Bank,Credit,Kolkata,West Bengal,Automated user-facing matrices,2025-09,False,False
TXN000000182,CARD000034,C000019,M000026,"Ray, Saraf and Barad",Education,2025-04-28,3871.85,INR,Purchase,Pending,EMV,Jaipur,Rajasthan,HDFC Bank,Credit,Kolkata,West Bengal,Secured didactic Graphical User Interface,2025-04,False,False
TXN000000183,CARD000034,C000019,M000057,Bora-Grewal,Health & Wellness,2025-05-18,3773.15,INR,Purchase,Completed,Online,Bengaluru,Karnataka,HDFC Bank,Credit,Kolkata,West Bengal,Robust stable attitude,2025-05,True,False
TXN000000184,CARD000034,C000019,M000059,Parekh-Cherian,Fashion,2025-10-03,8149.79,INR,Purchase,Completed,Contactless,Bengaluru,Karnataka,HDFC Bank,Credit,Kolkata,West Bengal,Reverse-engineered local pricing structure,2025-10,True,False
TXN000000185,CARD000034,C000019,M000055,Bala LLC,Grocery,2025-05-24,854.67,INR,Purchase,Completed,Chip,Delhi,Delhi,HDFC Bank,Credit,Kolkata,West Bengal,Distributed national definition,2025-05,True,False
TXN000000186,CARD000034,C000019,M000035,Ghose and Sons,Retail,2025-07-21,1858.92,INR,Purchase,Refunded,Contactless,Bengaluru,Karnataka,HDFC Bank,Credit,Kolkata,West Bengal,Sharable fresh-thinking installation,2025-07,False,False
TXN000000187,CARD000034,C000019,M000029,Dhillon-Chada,Electronics,2026-09-16,703.88,INR,Refund,Completed,EMV,Pune,Maharashtra,HDFC Bank,Credit,Kolkata,West Bengal,Triple-buffered attitude-oriented challenge,2026-09,True,False
TXN000000188,CARD000034,C000019,M000063,Chatterjee-Borde,Retail,2026-10-01,1753.16,INR,Wallet Top-up,Completed,Chip,Mumbai,Maharashtra,HDFC Bank,Credit,Kolkata,West Bengal,Fully-configurable systematic hierarchy,2026-10,True,False
TXN000000189,CARD000034,C000019,M000005,Bhattacharyya-Vala,Electronics,2025-12-21,561.79,INR,Refund,Completed,Contactless,Hyderabad,Telangana,HDFC Bank,Credit,Kolkata,West Bengal,Programmable bi-directional conglomeration,2025-12,True,False
TXN000000190,CARD000034,C000019,M000030,"Varty, Rout and Banerjee",Retail,2026-06-02,1292.89,INR,Merchant Payment,Pending,Contactless,Lucknow,Uttar Pradesh,HDFC Bank,Credit,Kolkata,West Bengal,Vision-oriented static moderator,2026-06,False,False
TXN000000191,CARD000034,C000019,M000035,Ghose and Sons,Retail,2026-04-18,1000.95,INR,Purchase,Failed,Contactless,Bengaluru,Karnataka,HDFC Bank,Credit,Kolkata,West Bengal,Switchable dedicated synergy,2026-04,False,True
TXN000000192,CARD000034,C000019,M000011,Krishnamurthy and Sons,Online Services,2025-08-31,5721.79,INR,Purchase,Completed,EMV,Bengaluru,Karnataka,HDFC Bank,Credit,Kolkata,West Bengal,Persistent discrete monitoring,2025-08,True,False
TXN000000193,CARD000034,C000019,M000040,Mitra-Bhatnagar,Education,2025-08-03,605.98,INR,Purchase,Completed,Contactless,Pune,Maharashtra,HDFC Bank,Credit,Kolkata,West Bengal,Ergonomic neutral approach,2025-08,True,False
TXN000000194,CARD000035,C000020,M000099,Cheema-Dugar,Online Services,2025-12-27,3916.84,INR,Purchase,Completed,Chip,Hyderabad,Telangana,ICICI Bank,Debit,Pune,Maharashtra,Sharable multi-tasking info-mediaries,2025-12,True,False
TXN000000195,CARD000036,C000020,M000043,Nadkarni Inc,Education,2026-04-27,670.91,INR,Purchase,Completed,Contactless,Delhi,Delhi,ICICI Bank,Debit,Pune,Maharashtra,Synergized cohesive focus group,2026-04,True,False
TXN000000196,CARD000036,C000020,M000085,Sahni-Nagar,Travel,2026-09-20,4448.0,INR,Bill Payment,Completed,Contactless,Ahmedabad,Gujarat,ICICI Bank,Debit,Pune,Maharashtra,Pre-emptive national challenge,2026-09,True,False
TXN000000197,CARD000036,C000020,M000025,Peri-Sagar,Online Services,2026-04-14,1041.07,INR,Purchase,Completed,Online,Lucknow,Uttar Pradesh,ICICI Bank,Debit,Pune,Maharashtra,Proactive well-modulated knowledge user,2026-04,True,False
TXN000000198,CARD000036,C000020,M000037,Sane PLC,Restaurants,2026-03-24,1172.03,INR,Purchase,Pending,Contactless,Jaipur,Rajasthan,ICICI Bank,Debit,Pune,Maharashtra,Up-sized coherent protocol,2026-03,False,False
TXN000000199,CARD000037,C000020,M000043,Nadkarni Inc,Education,2026-05-27,2948.87,INR,Merchant Payment,Pending,Chip,Delhi,Delhi,State Bank of India,Debit,Pune,Maharashtra,Organized dynamic extranet,2026-05,False,False
TXN000000200,CARD000037,C000020,M000076,Lal-Madan,Retail,2025-10-29,502.46,INR,Purchase,Completed,Chip,Chennai,Tamil Nadu,State Bank of India,Debit,Pune,Maharashtra,Function-based client-driven benchmark,2025-10,True,False
TXN000000201,CARD000037,C000020,M000019,Sundaram LLC,Health & Wellness,2026-02-18,4184.08,INR,Purchase,Refunded,ATM,Pune,Maharashtra,State Bank of India,Debit,Pune,Maharashtra,Decentralized leadingedge alliance,2026-02,False,False
TXN000000202,CARD000037,C000020,M000022,Pingle-Ramachandran,Health & Wellness,2026-02-24,4122.95,INR,Bill Payment,Failed,Chip,Ahmedabad,Gujarat,State Bank of India,Debit,Pune,Maharashtra,Robust 6thgeneration strategy,2026-02,False,True
TXN000000203,CARD000037,C000020,M000070,Kala-Borah,Fashion,2025-06-02,2153.37,INR,Purchase,Completed,Chip,Delhi,Delhi,State Bank of India,Debit,Pune,Maharashtra,Centralized user-facing encryption,2025-06,True,False
TXN000000204,CARD000037,C000020,M000046,Nanda-Varty,Electronics,2025-04-30,2486.67,INR,Refund,Completed,Online,Mumbai,Maharashtra,State Bank of India,Debit,Pune,Maharashtra,Ameliorated discrete Local Area Network,2025-04,True,False
TXN000000205,CARD000037,C000020,M000043,Nadkarni Inc,Education,2026-05-11,573.58,INR,Refund,Completed,Chip,Delhi,Delhi,State Bank of India,Debit,Pune,Maharashtra,Reverse-engineered analyzing parallelism,2026-05,True,False
TXN000000206,CARD000037,C000020,M000002,Char-Sood,Grocery,2026-07-03,2193.12,INR,Purchase,Refunded,Contactless,Bengaluru,Karnataka,State Bank of India,Debit,Pune,Maharashtra,Exclusive discrete ability,2026-07,False,False
TXN000000207,CARD000037,C000020,M000049,Nayak PLC,Travel,2026-01-11,968.55,INR,Purchase,Completed,Online,Mumbai,Maharashtra,State Bank of India,Debit,Pune,Maharashtra,Implemented 4thgeneration definition,2026-01,True,False
TXN000000208,CARD000037,C000020,M000035,Ghose and Sons,Retail,2025-11-13,446.81,INR,Bill Payment,Completed,Online,Bengaluru,Karnataka,State Bank of India,Debit,Pune,Maharashtra,Open-architected cohesive concept,2025-11,True,False
TXN000000209,CARD000037,C000020,M000050,Aggarwal-Sule,Education,2025-09-17,2586.16,INR,Refund,Completed,Contactless,Jaipur,Rajasthan,State Bank of India,Debit,Pune,Maharashtra,Progressive local implementation,2025-09,True,False
TXN000000210,CARD000037,C000020,M000096,"Goyal, Chahal and Sachdeva",Grocery,2025-04-15,783.81,INR,Purchase,Completed,Online,Hyderabad,Telangana,State Bank of India,Debit,Pune,Maharashtra,Re-engineered coherent emulation,2025-04,True,False
TXN000000211,CARD000037,C000020,M000028,Mane and Sons,Electronics,2025-11-04,1866.12,INR,Bill Payment,Completed,Chip,Kolkata,West Bengal,State Bank of India,Debit,Pune,Maharashtra,Persistent motivating help-desk,2025-11,True,False
TXN000000212,CARD000037,C000020,M000026,"Ray, Saraf and Barad",Education,2026-06-30,2011.47,INR,Purchase,Completed,Online,Jaipur,Rajasthan,State Bank of India,Debit,Pune,Maharashtra,Compatible mission-critical product,2026-06,True,False
TXN000000213,CARD000037,C000020,M000008,"Kakar, Dayal and Ganesan",Health & Wellness,2025-06-06,935.02,INR,Refund,Completed,Online,Pune,Maharashtra,State Bank of India,Debit,Pune,Maharashtra,Balanced eco-centric system engine,2025-06,True,False
TXN000000214,CARD000038,C000021,M000002,Char-Sood,Grocery,2025-08-10,456.78,INR,Refund,Completed,Online,Bengaluru,Karnataka,Axis Bank,Credit,Ahmedabad,Gujarat,Exclusive 6thgeneration info-mediaries,2025-08,True,False
TXN000000215,CARD000038,C000021,M000006,"Pai, Sawhney and Chad",Travel,2026-03-07,1903.08,INR,Purchase,Completed,Chip,Jaipur,Rajasthan,Axis Bank,Credit,Ahmedabad,Gujarat,Cross-platform empowering open system,2026-03,True,False
TXN000000216,CARD000038,C000021,M000011,Krishnamurthy and Sons,Online Services,2025-10-01,5255.28,INR,Merchant Payment,Refunded,Contactless,Bengaluru,Karnataka,Axis Bank,Credit,Ahmedabad,Gujarat,Balanced didactic knowledge user,2025-10,False,False
TXN000000217,CARD000038,C000021,M000057,Bora-Grewal,Health & Wellness,2025-12-31,5249.33,INR,Merchant Payment,Completed,Online,Bengaluru,Karnataka,Axis Bank,Credit,Ahmedabad,Gujarat,Front-line tertiary data-warehouse,2025-12,True,False
TXN000000218,CARD000038,C000021,M000048,Chad Inc,Travel,2026-02-20,3046.96,INR,Refund,Completed,Chip,Bengaluru,Karnataka,Axis Bank,Credit,Ahmedabad,Gujarat,Switchable full-range paradigm,2026-02,True,False
TXN000000219,CARD000038,C000021,M000099,Cheema-Dugar,Online Services,2026-02-26,4956.35,INR,Purchase,Completed,Online,Hyderabad,Telangana,Axis Bank,Credit,Ahmedabad,Gujarat,Progressive maximized concept,2026-02,True,False
TXN000000220,CARD000038,C000021,M000096,"Goyal, Chahal and Sachdeva",Grocery,2026-03-03,2497.2,INR,Purchase,Completed,Chip,Hyderabad,Telangana,Axis Bank,Credit,Ahmedabad,Gujarat,Self-enabling solution-oriented array,2026-03,True,False
TXN000000221,CARD000038,C000021,M000005,Bhattacharyya-Vala,Electronics,2025-08-18,1761.47,INR,Purchase,Completed,EMV,Hyderabad,Telangana,Axis Bank,Credit,Ahmedabad,Gujarat,Realigned transitional parallelism,2025-08,True,False
TXN000000222,CARD000038,C000021,M000044,"Sem, Ray and Ganesh",Health & Wellness,2025-10-22,2346.38,INR,Bill Payment,Completed,Contactless,Bengaluru,Karnataka,Axis Bank,Credit,Ahmedabad,Gujarat,Open-source attitude-oriented architecture,2025-10,True,False
TXN000000223,CARD000038,C000021,M000002,Char-Sood,Grocery,2026-01-07,1827.77,INR,Purchase,Pending,Chip,Bengaluru,Karnataka,Axis Bank,Credit,Ahmedabad,Gujarat,Secured reciprocal strategy,2026-01,False,False
TXN000000224,CARD000038,C000021,M000018,Guha Group,Retail,2025-04-23,736.07,INR,Purchase,Completed,Chip,Kolkata,West Bengal,Axis Bank,Credit,Ahmedabad,Gujarat,Re-engineered grid-enabled contingency,2025-04,True,False
TXN000000225,CARD000038,C000021,M000011,Krishnamurthy and Sons,Online Services,2025-09-13,5599.89,INR,Purchase,Completed,Chip,Bengaluru,Karnataka,Axis Bank,Credit,Ahmedabad,Gujarat,Innovative even-keeled workforce,2025-09,True,False
TXN000000226,CARD000038,C000021,M000013,"Bora, Mukherjee and Rajagopal",Retail,2026-08-08,498.81,INR,Refund,Completed,Contactless,Delhi,Delhi,Axis Bank,Credit,Ahmedabad,Gujarat,Ergonomic asymmetric paradigm,2026-08,True,False
TXN000000227,CARD000038,C000021,M000027,"Dasgupta, Padmanabhan and Mahajan",Online Services,2026-05-20,1728.26,INR,Purchase,Completed,EMV,Pune,Maharashtra,Axis Bank,Credit,Ahmedabad,Gujarat,Business-focused 6thgeneration extranet,2026-05,True,False
TXN000000228,CARD000038,C000021,M000008,"Kakar, Dayal and Ganesan",Health & Wellness,2026-01-14,3160.33,INR,Wallet Top-up,Completed,Chip,Pune,Maharashtra,Axis Bank,Credit,Ahmedabad,Gujarat,Distributed bi-directional concept,2026-01,True,False
TXN000000229,CARD000038,C000021,M000027,"Dasgupta, Padmanabhan and Mahajan",Online Services,2025-09-30,5152.83,INR,Purchase,Completed,Chip,Pune,Maharashtra,Axis Bank,Credit,Ahmedabad,Gujarat,Diverse 24/7 moderator,2025-09,True,False
TXN000000230,CARD000039,C000022,M000019,Sundaram LLC,Health & Wellness,2026-03-20,4617.05,INR,Purchase,Completed,EMV,Pune,Maharashtra,Kotak Mahindra Bank,Credit,Jaipur,Rajasthan,Business-focused directional database,2026-03,True,False
TXN000000231,CARD000039,C000022,M000051,"Hegde, Choudhury and Shenoy",Retail,2025-10-18,2923.31,INR,Purchase,Completed,Online,Chennai,Tamil Nadu,Kotak Mahindra Bank,Credit,Jaipur,Rajasthan,Configurable dedicated encoding,2025-10,True,False
TXN000000232,CARD000039,C000022,M000052,"Pant, Mall and Grewal",Education,2026-02-27,1250.71,INR,Purchase,Completed,EMV,Chennai,Tamil Nadu,Kotak Mahindra Bank,Credit,Jaipur,Rajasthan,Intuitive contextually-based info-mediaries,2026-02,True,False
TXN000000233,CARD000039,C000022,M000098,"Contractor, Butala and Khatri",Entertainment,2025-07-17,3061.01,INR,Purchase,Completed,Contactless,Pune,Maharashtra,Kotak Mahindra Bank,Credit,Jaipur,Rajasthan,Future-proofed bottom-line flexibility,2025-07,True,False
TXN000000234,CARD000039,C000022,M000055,Bala LLC,Grocery,2025-05-18,1167.59,INR,Purchase,Completed,Chip,Delhi,Delhi,Kotak Mahindra Bank,Credit,Jaipur,Rajasthan,Synchronized cohesive framework,2025-05,True,False
TXN000000235,CARD000039,C000022,M000093,Nath Inc,Travel,2026-05-18,3107.64,INR,Purchase,Completed,Chip,Hyderabad,Telangana,Kotak Mahindra Bank,Credit,Jaipur,Rajasthan,Seamless grid-enabled installation,2026-05,True,False
TXN000000236,CARD000039,C000022,M000008,"Kakar, Dayal and Ganesan",Health & Wellness,2026-05-13,2115.22,INR,Bill Payment,Completed,Online,Pune,Maharashtra,Kotak Mahindra Bank,Credit,Jaipur,Rajasthan,Robust tertiary workforce,2026-05,True,False
TXN000000237,CARD000039,C000022,M000061,Mukhopadhyay-Sami,Entertainment,2026-05-22,1395.21,INR,Purchase,Completed,Online,Jaipur,Rajasthan,Kotak Mahindra Bank,Credit,Jaipur,Rajasthan,Customer-focused multi-state capability,2026-05,True,False
TXN000000238,CARD000039,C000022,M000015,Subramanian-Verma,Restaurants,2026-03-29,1905.67,INR,Purchase,Disputed,Contactless,Ahmedabad,Gujarat,Kotak Mahindra Bank,Credit,Jaipur,Rajasthan,Mandatory dedicated customer loyalty,2026-03,False,False
TXN000000239,CARD000039,C000022,M000089,Savant Ltd,Travel,2026-10-05,7099.72,INR,Purchase,Completed,Online,Chennai,Tamil Nadu,Kotak Mahindra Bank,Credit,Jaipur,Rajasthan,Profound content-based model,2026-10,True,False
TXN000000240,CARD000039,C000022,M000035,Ghose and Sons,Retail,2026-02-02,927.19,INR,Purchase,Completed,Chip,Bengaluru,Karnataka,Kotak Mahindra Bank,Credit,Jaipur,Rajasthan,Integrated even-keeled adapter,2026-02,True,False
TXN000000241,CARD000039,C000022,M000053,Dhingra Inc,Education,2026-02-19,2164.06,INR,Purchase,Completed,Online,Bengaluru,Karnataka,Kotak Mahindra Bank,Credit,Jaipur,Rajasthan,Switchable didactic hub,2026-02,True,False
TXN000000242,CARD000039,C000022,M000045,Kala-Das,Grocery,2026-09-29,733.98,INR,Purchase,Completed,Online,Mumbai,Maharashtra,Kotak Mahindra Bank,Credit,Jaipur,Rajasthan,Fully-configurable well-modulated throughput,2026-09,True,False
TXN000000243,CARD000039,C000022,M000094,Raju Ltd,Electronics,2026-03-04,3096.28,INR,Purchase,Completed,Contactless,Kolkata,West Bengal,Kotak Mahindra Bank,Credit,Jaipur,Rajasthan,Customer-focused well-modulated access,2026-03,True,False
TXN000000244,CARD000040,C000023,M000026,"Ray, Saraf and Barad",Education,2025-07-23,2735.45,INR,Purchase,Completed,Chip,Jaipur,Rajasthan,HDFC Bank,Debit,Lucknow,Uttar Pradesh,Organic 3rdgeneration instruction set,2025-07,True,False
TXN000000245,CARD000042,C000024,M000049,Nayak PLC,Travel,2026-06-13,823.7,INR,Purchase,Pending,Online,Mumbai,Maharashtra,ICICI Bank,Credit,Jaipur,Rajasthan,Multi-channeled multimedia algorithm,2026-06,False,False
TXN000000246,CARD000042,C000024,M000084,Joshi-Kata,Entertainment,2026-03-14,2351.22,INR,Bill Payment,Completed,Online,Delhi,Delhi,ICICI Bank,Credit,Jaipur,Rajasthan,Re-contextualized heuristic function,2026-03,True,False
TXN000000247,CARD000042,C000024,M000042,Mahajan Inc,Fashion,2025-08-01,2954.91,INR,Wallet Top-up,Completed,Chip,Delhi,Delhi,ICICI Bank,Credit,Jaipur,Rajasthan,Advanced zero administration methodology,2025-08,True,False
TXN000000248,CARD000042,C000024,M000026,"Ray, Saraf and Barad",Education,2025-07-16,1268.61,INR,Purchase,Completed,Chip,Jaipur,Rajasthan,ICICI Bank,Credit,Jaipur,Rajasthan,Digitized demand-driven database,2025-07,True,False
TXN000000249,CARD000042,C000024,M000040,Mitra-Bhatnagar,Education,2026-06-11,4718.89,INR,Purchase,Completed,Online,Pune,Maharashtra,ICICI Bank,Credit,Jaipur,Rajasthan,Robust needs-based ability,2026-06,True,False
TXN000000250,CARD000042,C000024,M000027,"Dasgupta, Padmanabhan and Mahajan",Online Services,2026-04-13,2982.52,INR,Bill Payment,Completed,Online,Pune,Maharashtra,ICICI Bank,Credit,Jaipur,Rajasthan,Centralized interactive leverage,2026-04,True,False
TXN000000251,CARD000042,C000024,M000022,Pingle-Ramachandran,Health & Wellness,2025-09-13,4509.0,INR,Purchase,Pending,EMV,Ahmedabad,Gujarat,ICICI Bank,Credit,Jaipur,Rajasthan,Cross-group empowering Local Area Network,2025-09,False,False
TXN000000252,CARD000042,C000024,M000098,"Contractor, Butala and Khatri",Entertainment,2025-10-08,313.59,INR,Purchase,Completed,EMV,Pune,Maharashtra,ICICI Bank,Credit,Jaipur,Rajasthan,Configurable asymmetric toolset,2025-10,True,False
TXN000000253,CARD000042,C000024,M000022,Pingle-Ramachandran,Health & Wellness,2025-10-22,249.59,INR,Purchase,Completed,Online,Ahmedabad,Gujarat,ICICI Bank,Credit,Jaipur,Rajasthan,Pre-emptive local benchmark,2025-10,True,False
TXN000000254,CARD000042,C000024,M000060,"Gala, Balan and Ramanathan",Fashion,2025-07-16,7441.18,INR,Purchase,Completed,EMV,Kolkata,West Bengal,ICICI Bank,Credit,Jaipur,Rajasthan,Profit-focused tertiary solution,2025-07,True,False
TXN000000255,CARD000042,C000024,M000030,"Varty, Rout and Banerjee",Retail,2026-06-06,1175.04,INR,Purchase,Completed,Contactless,Lucknow,Uttar Pradesh,ICICI Bank,Credit,Jaipur,Rajasthan,Secured content-based monitoring,2026-06,True,False
TXN000000256,CARD000042,C000024,M000084,Joshi-Kata,Entertainment,2025-11-24,7317.58,INR,Purchase,Refunded,Contactless,Delhi,Delhi,ICICI Bank,Credit,Jaipur,Rajasthan,Exclusive mobile website,2025-11,False,False
TXN000000257,CARD000042,C000024,M000080,Krishnamurthy LLC,Online Services,2026-03-21,568.15,INR,Purchase,Completed,Chip,Chennai,Tamil Nadu,ICICI Bank,Credit,Jaipur,Rajasthan,Inverse client-server portal,2026-03,True,False
TXN000000258,CARD000043,C000024,M000095,Sehgal-Bali,Education,2025-05-22,4313.37,INR,Bill Payment,Completed,Contactless,Chennai,Tamil Nadu,Axis Bank,Credit,Jaipur,Rajasthan,Profit-focused attitude-oriented data-warehouse,2025-05,True,False
TXN000000259,CARD000043,C000024,M000064,"Sandal, Sami and Kanda",Retail,2026-02-21,783.41,INR,Purchase,Pending,Online,Delhi,Delhi,Axis Bank,Credit,Jaipur,Rajasthan,Sharable attitude-oriented hub,2026-02,False,False
TXN000000260,CARD000043,C000024,M000034,"Kala, Rege and Narula",Electronics,2025-05-27,314.1,INR,Purchase,Pending,EMV,Delhi,Delhi,Axis Bank,Credit,Jaipur,Rajasthan,Reverse-engineered didactic contingency,2025-05,False,False
TXN000000261,CARD000043,C000024,M000090,Kara-Sahota,Grocery,2026-05-25,2546.99,INR,Purchase,Completed,EMV,Ahmedabad,Gujarat,Axis Bank,Credit,Jaipur,Rajasthan,Innovative eco-centric archive,2026-05,True,False
TXN000000262,CARD000043,C000024,M000093,Nath Inc,Travel,2026-08-15,3914.92,INR,Merchant Payment,Completed,Contactless,Hyderabad,Telangana,Axis Bank,Credit,Jaipur,Rajasthan,Devolved solution-oriented intranet,2026-08,True,False
TXN000000263,CARD000044,C000025,M000053,Dhingra Inc,Education,2025-10-04,584.08,INR,Purchase,Completed,Chip,Bengaluru,Karnataka,HDFC Bank,Debit,Mumbai,Maharashtra,Intuitive context-sensitive utilization,2025-10,True,False
TXN000000264,CARD000044,C000025,M000034,"Kala, Rege and Narula",Electronics,2026-01-28,4172.31,INR,Purchase,Disputed,Online,Delhi,Delhi,HDFC Bank,Debit,Mumbai,Maharashtra,Open-architected national conglomeration,2026-01,False,False
TXN000000265,CARD000046,C000027,M000010,Lall-Ravel,Electronics,2026-05-06,6787.69,INR,Purchase,Completed,ATM,Mumbai,Maharashtra,Axis Bank,Debit,Jaipur,Rajasthan,Inverse encompassing portal,2026-05,True,False
TXN000000266,CARD000046,C000027,M000045,Kala-Das,Grocery,2026-08-02,3173.21,INR,Purchase,Completed,Chip,Mumbai,Maharashtra,Axis Bank,Debit,Jaipur,Rajasthan,Expanded non-volatile framework,2026-08,True,False
TXN000000267,CARD000046,C000027,M000043,Nadkarni Inc,Education,2025-07-08,1942.26,INR,Purchase,Completed,Contactless,Delhi,Delhi,Axis Bank,Debit,Jaipur,Rajasthan,Grass-roots stable help-desk,2025-07,True,False
TXN000000268,CARD000046,C000027,M000081,"Madan, Balan and Bahl",Travel,2026-08-06,8574.11,INR,Purchase,Failed,Chip,Mumbai,Maharashtra,Axis Bank,Debit,Jaipur,Rajasthan,Ameliorated even-keeled extranet,2026-08,False,True
TXN000000269,CARD000047,C000027,M000097,Sanghvi-Parmer,Health & Wellness,2025-08-24,981.21,INR,Purchase,Completed,Chip,Chennai,Tamil Nadu,HDFC Bank,Debit,Jaipur,Rajasthan,Front-line homogeneous pricing structure,2025-08,True,False
TXN000000270,CARD000047,C000027,M000035,Ghose and Sons,Retail,2025-06-08,691.45,INR,Purchase,Completed,Contactless,Bengaluru,Karnataka,HDFC Bank,Debit,Jaipur,Rajasthan,Universal dedicated task-force,2025-06,True,False
TXN000000271,CARD000047,C000027,M000075,Keer Inc,Restaurants,2025-10-17,2479.12,INR,Purchase,Completed,Contactless,Hyderabad,Telangana,HDFC Bank,Debit,Jaipur,Rajasthan,Extended executive core,2025-10,True,False
TXN000000272,CARD000047,C000027,M000018,Guha Group,Retail,2026-02-26,376.26,INR,Purchase,Completed,ATM,Kolkata,West Bengal,HDFC Bank,Debit,Jaipur,Rajasthan,Business-focused motivating utilization,2026-02,True,False
TXN000000273,CARD000047,C000027,M000042,Mahajan Inc,Fashion,2026-03-19,8828.49,INR,Purchase,Completed,ATM,Delhi,Delhi,HDFC Bank,Debit,Jaipur,Rajasthan,Reduced tangible data-warehouse,2026-03,True,False
TXN000000274,CARD000047,C000027,M000026,"Ray, Saraf and Barad",Education,2025-07-18,3005.97,INR,Purchase,Completed,ATM,Jaipur,Rajasthan,HDFC Bank,Debit,Jaipur,Rajasthan,Expanded 6thgeneration matrix,2025-07,True,False
TXN000000275,CARD000047,C000027,M000070,Kala-Borah,Fashion,2025-08-25,9085.09,INR,Refund,Pending,Contactless,Delhi,Delhi,HDFC Bank,Debit,Jaipur,Rajasthan,Total holistic hardware,2025-08,False,False
TXN000000276,CARD000047,C000027,M000079,"Agarwal, Dalal and Krishnamurthy",Fashion,2025-09-30,7990.9,INR,Purchase,Completed,Online,Delhi,Delhi,HDFC Bank,Debit,Jaipur,Rajasthan,Up-sized uniform knowledge user,2025-09,True,False
TXN000000277,CARD000047,C000027,M000099,Cheema-Dugar,Online Services,2025-08-06,1988.85,INR,Purchase,Completed,Contactless,Hyderabad,Telangana,HDFC Bank,Debit,Jaipur,Rajasthan,Progressive asynchronous policy,2025-08,True,False
TXN000000278,CARD000047,C000027,M000020,Dutta-Apte,Online Services,2025-11-20,3651.76,INR,Purchase,Disputed,ATM,Ahmedabad,Gujarat,HDFC Bank,Debit,Jaipur,Rajasthan,Optimized multimedia matrices,2025-11,False,False
TXN000000279,CARD000047,C000027,M000055,Bala LLC,Grocery,2026-07-27,3066.18,INR,Purchase,Failed,Chip,Delhi,Delhi,HDFC Bank,Debit,Jaipur,Rajasthan,De-engineered asymmetric forecast,2026-07,False,True
TXN000000280,CARD000047,C000027,M000007,"Chowdhury, Nagar and Nanda",Online Services,2026-01-17,216.07,INR,Purchase,Refunded,Contactless,Kolkata,West Bengal,HDFC Bank,Debit,Jaipur,Rajasthan,Inverse logistical access,2026-01,False,False
TXN000000281,CARD000047,C000027,M000029,Dhillon-Chada,Electronics,2026-04-13,1566.6,INR,Purchase,Completed,Online,Pune,Maharashtra,HDFC Bank,Debit,Jaipur,Rajasthan,Upgradable static core,2026-04,True,False
TXN000000282,CARD000047,C000027,M000036,Patla-Date,Grocery,2026-06-06,3467.13,INR,Purchase,Completed,Chip,Delhi,Delhi,HDFC Bank,Debit,Jaipur,Rajasthan,Implemented intangible protocol,2026-06,True,False
TXN000000283,CARD000048,C000028,M000036,Patla-Date,Grocery,2025-12-11,2049.4,INR,Purchase,Completed,Chip,Delhi,Delhi,State Bank of India,Debit,Jaipur,Rajasthan,Customizable asymmetric task-force,2025-12,True,False
TXN000000284,CARD000048,C000028,M000064,"Sandal, Sami and Kanda",Retail,2025-06-29,375.1,INR,Purchase,Completed,Online,Delhi,Delhi,State Bank of India,Debit,Jaipur,Rajasthan,Robust directional conglomeration,2025-06,True,False
TXN000000285,CARD000048,C000028,M000052,"Pant, Mall and Grewal",Education,2026-01-03,2056.01,INR,Merchant Payment,Failed,Chip,Chennai,Tamil Nadu,State Bank of India,Debit,Jaipur,Rajasthan,Customer-focused regional monitoring,2026-01,False,True
TXN000000286,CARD000048,C000028,M000028,Mane and Sons,Electronics,2025-05-12,9435.43,INR,Purchase,Completed,Contactless,Kolkata,West Bengal,State Bank of India,Debit,Jaipur,Rajasthan,Synergistic zero-defect complexity,2025-05,True,False
TXN000000287,CARD000049,C000028,M000014,Karnik-Walla,Electronics,2026-08-21,7374.79,INR,Bill Payment,Completed,Contactless,Kolkata,West Bengal,Kotak Mahindra Bank,Credit,Jaipur,Rajasthan,Robust full-range approach,2026-08,True,False
TXN000000288,CARD000049,C000028,M000043,Nadkarni Inc,Education,2026-04-03,2822.95,INR,Purchase,Failed,Chip,Delhi,Delhi,Kotak Mahindra Bank,Credit,Jaipur,Rajasthan,Cross-platform client-server hierarchy,2026-04,False,True
TXN000000289,CARD000049,C000028,M000095,Sehgal-Bali,Education,2025-06-08,5168.65,INR,Purchase,Pending,Online,Chennai,Tamil Nadu,Kotak Mahindra Bank,Credit,Jaipur,Rajasthan,Progressive zero-defect time-frame,2025-06,False,False
TXN000000290,CARD000049,C000028,M000093,Nath Inc,Travel,2026-02-27,4688.83,INR,Refund,Completed,Contactless,Hyderabad,Telangana,Kotak Mahindra Bank,Credit,Jaipur,Rajasthan,Right-sized systematic emulation,2026-02,True,False
TXN000000291,CARD000049,C000028,M000017,Sidhu-Yogi,Retail,2025-08-29,1869.43,INR,Purchase,Completed,EMV,Chennai,Tamil Nadu,Kotak Mahindra Bank,Credit,Jaipur,Rajasthan,Triple-buffered 24/7 interface,2025-08,True,False
TXN000000292,CARD000049,C000028,M000081,"Madan, Balan and Bahl",Travel,2025-05-12,2792.69,INR,Purchase,Completed,EMV,Mumbai,Maharashtra,Kotak Mahindra Bank,Credit,Jaipur,Rajasthan,Persevering system-worthy function,2025-05,True,False
TXN000000293,CARD000049,C000028,M000027,"Dasgupta, Padmanabhan and Mahajan",Online Services,2025-12-13,336.36,INR,Purchase,Completed,Chip,Pune,Maharashtra,Kotak Mahindra Bank,Credit,Jaipur,Rajasthan,Stand-alone reciprocal product,2025-12,True,False
TXN000000294,CARD000049,C000028,M000020,Dutta-Apte,Online Services,2026-05-06,351.01,INR,Purchase,Disputed,Chip,Ahmedabad,Gujarat,Kotak Mahindra Bank,Credit,Jaipur,Rajasthan,Grass-roots upward-trending alliance,2026-05,False,False
TXN000000295,CARD000049,C000028,M000089,Savant Ltd,Travel,2026-04-23,7862.03,INR,Purchase,Completed,EMV,Chennai,Tamil Nadu,Kotak Mahindra Bank,Credit,Jaipur,Rajasthan,Pre-emptive optimal Internet solution,2026-04,True,False
TXN000000296,CARD000049,C000028,M000054,Sama Ltd,Grocery,2025-04-17,666.63,INR,Refund,Completed,Chip,Kolkata,West Bengal,Kotak Mahindra Bank,Credit,Jaipur,Rajasthan,Total multi-state orchestration,2025-04,True,False
TXN000000297,CARD000049,C000028,M000094,Raju Ltd,Electronics,2026-03-17,3791.19,INR,Bill Payment,Pending,Online,Kolkata,West Bengal,Kotak Mahindra Bank,Credit,Jaipur,Rajasthan,Sharable cohesive synergy,2026-03,False,False
TXN000000298,CARD000049,C000028,M000087,Chowdhury Inc,Entertainment,2026-04-26,6363.71,INR,Purchase,Completed,Online,Kolkata,West Bengal,Kotak Mahindra Bank,Credit,Jaipur,Rajasthan,Right-sized asynchronous conglomeration,2026-04,True,False
TXN000000299,CARD000049,C000028,M000007,"Chowdhury, Nagar and Nanda",Online Services,2025-04-27,2953.73,INR,Purchase,Disputed,Chip,Kolkata,West Bengal,Kotak Mahindra Bank,Credit,Jaipur,Rajasthan,Profound empowering moderator,2025-04,False,False
TXN000000300,CARD000049,C000028,M000070,Kala-Borah,Fashion,2025-07-23,6226.83,INR,Purchase,Completed,Online,Delhi,Delhi,Kotak Mahindra Bank,Credit,Jaipur,Rajasthan,Managed next generation collaboration,2025-07,True,False
TXN000000301,CARD000050,C000029,M000086,"Barad, Keer and Behl",Entertainment,2025-08-28,2296.61,INR,Purchase,Pending,Online,Lucknow,Uttar Pradesh,ICICI Bank,Debit,Delhi,Delhi,Distributed 24/7 concept,2025-08,False,False
TXN000000302,CARD000050,C000029,M000007,"Chowdhury, Nagar and Nanda",Online Services,2026-09-09,1813.22,INR,Purchase,Completed,Contactless,Kolkata,West Bengal,ICICI Bank,Debit,Delhi,Delhi,Ergonomic executive solution,2026-09,True,False
TXN000000303,CARD000050,C000029,M000042,Mahajan Inc,Fashion,2025-06-04,7600.27,INR,Purchase,Completed,Online,Delhi,Delhi,ICICI Bank,Debit,Delhi,Delhi,Polarized web-enabled benchmark,2025-06,True,False
TXN000000304,CARD000050,C000029,M000086,"Barad, Keer and Behl",Entertainment,2026-07-31,2525.05,INR,Purchase,Failed,Online,Lucknow,Uttar Pradesh,ICICI Bank,Debit,Delhi,Delhi,Re-contextualized discrete conglomeration,2026-07,False,True
TXN000000305,CARD000050,C000029,M000087,Chowdhury Inc,Entertainment,2025-08-28,7734.62,INR,Purchase,Completed,Online,Kolkata,West Bengal,ICICI Bank,Debit,Delhi,Delhi,Face-to-face static installation,2025-08,True,False
TXN000000306,CARD000050,C000029,M000025,Peri-Sagar,Online Services,2026-05-14,2366.81,INR,Purchase,Completed,Chip,Lucknow,Uttar Pradesh,ICICI Bank,Debit,Delhi,Delhi,Networked global hardware,2026-05,True,False
TXN000000307,CARD000050,C000029,M000010,Lall-Ravel,Electronics,2025-08-24,3750.37,INR,Purchase,Pending,ATM,Mumbai,Maharashtra,ICICI Bank,Debit,Delhi,Delhi,Down-sized methodical flexibility,2025-08,False,False
TXN000000308,CARD000050,C000029,M000039,Chaudhuri-Om,Education,2026-03-01,250.07,INR,Purchase,Completed,Contactless,Bengaluru,Karnataka,ICICI Bank,Debit,Delhi,Delhi,Extended client-server array,2026-03,True,False
TXN000000309,CARD000050,C000029,M000084,Joshi-Kata,Entertainment,2025-08-16,6496.59,INR,Purchase,Completed,ATM,Delhi,Delhi,ICICI Bank,Debit,Delhi,Delhi,Cloned content-based support,2025-08,True,False
TXN000000310,CARD000050,C000029,M000053,Dhingra Inc,Education,2025-06-06,5009.28,INR,Wallet Top-up,Completed,Online,Bengaluru,Karnataka,ICICI Bank,Debit,Delhi,Delhi,Ameliorated needs-based approach,2025-06,True,False
TXN000000311,CARD000050,C000029,M000085,Sahni-Nagar,Travel,2026-04-17,6711.67,INR,Purchase,Completed,Chip,Ahmedabad,Gujarat,ICICI Bank,Debit,Delhi,Delhi,Robust analyzing groupware,2026-04,True,False
TXN000000312,CARD000050,C000029,M000028,Mane and Sons,Electronics,2025-09-23,7874.01,INR,Purchase,Completed,Chip,Kolkata,West Bengal,ICICI Bank,Debit,Delhi,Delhi,Profound attitude-oriented hierarchy,2025-09,True,False
TXN000000313,CARD000050,C000029,M000085,Sahni-Nagar,Travel,2025-09-12,9897.02,INR,Purchase,Completed,Online,Ahmedabad,Gujarat,ICICI Bank,Debit,Delhi,Delhi,Fully-configurable high-level middleware,2025-09,True,False
TXN000000314,CARD000051,C000029,M000074,"Halder, Oommen and Varty",Travel,2026-07-28,9814.82,INR,Purchase,Completed,Chip,Lucknow,Uttar Pradesh,HDFC Bank,Debit,Delhi,Delhi,Self-enabling 4thgeneration orchestration,2026-07,True,False
TXN000000315,CARD000051,C000029,M000088,Manda-Borra,Travel,2025-06-06,2725.25,INR,Wallet Top-up,Completed,ATM,Bengaluru,Karnataka,HDFC Bank,Debit,Delhi,Delhi,Integrated multi-tasking policy,2025-06,True,False
TXN000000316,CARD000051,C000029,M000026,"Ray, Saraf and Barad",Education,2025-07-02,5720.85,INR,Purchase,Completed,Contactless,Jaipur,Rajasthan,HDFC Bank,Debit,Delhi,Delhi,Proactive leadingedge emulation,2025-07,True,False
TXN000000317,CARD000051,C000029,M000009,Mani-Babu,Travel,2026-06-17,7115.13,INR,Purchase,Completed,Contactless,Pune,Maharashtra,HDFC Bank,Debit,Delhi,Delhi,Object-based systemic superstructure,2026-06,True,False
TXN000000318,CARD000051,C000029,M000028,Mane and Sons,Electronics,2026-02-18,4136.41,INR,Purchase,Completed,Chip,Kolkata,West Bengal,HDFC Bank,Debit,Delhi,Delhi,Virtual optimal focus group,2026-02,True,False
TXN000000319,CARD000051,C000029,M000029,Dhillon-Chada,Electronics,2025-05-27,939.16,INR,Refund,Completed,Chip,Pune,Maharashtra,HDFC Bank,Debit,Delhi,Delhi,Cloned national focus group,2025-05,True,False
TXN000000320,CARD000051,C000029,M000095,Sehgal-Bali,Education,2025-07-21,4409.55,INR,Purchase,Completed,Contactless,Chennai,Tamil Nadu,HDFC Bank,Debit,Delhi,Delhi,Decentralized encompassing strategy,2025-07,True,False
TXN000000321,CARD000051,C000029,M000090,Kara-Sahota,Grocery,2025-10-13,1052.48,INR,Purchase,Completed,ATM,Ahmedabad,Gujarat,HDFC Bank,Debit,Delhi,Delhi,De-engineered mobile moderator,2025-10,True,False
TXN000000322,CARD000051,C000029,M000084,Joshi-Kata,Entertainment,2026-04-23,2505.43,INR,Purchase,Completed,Online,Delhi,Delhi,HDFC Bank,Debit,Delhi,Delhi,Organic homogeneous initiative,2026-04,True,False
TXN000000323,CARD000051,C000029,M000099,Cheema-Dugar,Online Services,2026-08-01,4943.68,INR,Purchase,Completed,Online,Hyderabad,Telangana,HDFC Bank,Debit,Delhi,Delhi,Enhanced global Internet solution,2026-08,True,False
TXN000000324,CARD000051,C000029,M000054,Sama Ltd,Grocery,2025-10-20,762.79,INR,Purchase,Completed,Chip,Kolkata,West Bengal,HDFC Bank,Debit,Delhi,Delhi,Persistent demand-driven product,2025-10,True,False
TXN000000325,CARD000051,C000029,M000019,Sundaram LLC,Health & Wellness,2025-11-06,4099.41,INR,Purchase,Completed,Online,Pune,Maharashtra,HDFC Bank,Debit,Delhi,Delhi,Switchable responsive firmware,2025-11,True,False
TXN000000326,CARD000051,C000029,M000013,"Bora, Mukherjee and Rajagopal",Retail,2026-09-11,563.45,INR,Purchase,Completed,Contactless,Delhi,Delhi,HDFC Bank,Debit,Delhi,Delhi,Centralized background product,2026-09,True,False
TXN000000327,CARD000051,C000029,M000054,Sama Ltd,Grocery,2026-09-12,806.89,INR,Purchase,Failed,Contactless,Kolkata,West Bengal,HDFC Bank,Debit,Delhi,Delhi,Inverse explicit utilization,2026-09,False,True
TXN000000328,CARD000054,C000030,M000001,"Andra, Chaudhry and Dugar",Education,2025-04-26,2904.19,INR,Purchase,Completed,Online,Kolkata,West Bengal,ICICI Bank,Credit,Delhi,Delhi,Inverse user-facing monitoring,2025-04,True,False
TXN000000329,CARD000054,C000030,M000013,"Bora, Mukherjee and Rajagopal",Retail,2026-02-14,2390.37,INR,Merchant Payment,Completed,EMV,Delhi,Delhi,ICICI Bank,Credit,Delhi,Delhi,Exclusive scalable benchmark,2026-02,True,False
TXN000000330,CARD000054,C000030,M000055,Bala LLC,Grocery,2026-07-05,2278.61,INR,Purchase,Refunded,EMV,Delhi,Delhi,ICICI Bank,Credit,Delhi,Delhi,Reduced zero administration leverage,2026-07,False,False
TXN000000331,CARD000055,C000031,M000005,Bhattacharyya-Vala,Electronics,2026-03-21,5703.19,INR,Purchase,Completed,Contactless,Hyderabad,Telangana,ICICI Bank,Debit,Delhi,Delhi,Seamless static policy,2026-03,True,False
TXN000000332,CARD000056,C000032,M000094,Raju Ltd,Electronics,2026-04-06,9674.16,INR,Purchase,Completed,Contactless,Kolkata,West Bengal,State Bank of India,Debit,Jaipur,Rajasthan,Total optimizing hardware,2026-04,True,False
TXN000000333,CARD000056,C000032,M000059,Parekh-Cherian,Fashion,2026-04-05,5042.87,INR,Merchant Payment,Completed,Online,Bengaluru,Karnataka,State Bank of India,Debit,Jaipur,Rajasthan,Optimized stable hierarchy,2026-04,True,False
TXN000000334,CARD000058,C000032,M000045,Kala-Das,Grocery,2025-08-13,1107.08,INR,Wallet Top-up,Completed,Contactless,Mumbai,Maharashtra,Axis Bank,Credit,Jaipur,Rajasthan,Re-contextualized coherent interface,2025-08,True,False
TXN000000335,CARD000058,C000032,M000048,Chad Inc,Travel,2025-10-07,6338.95,INR,Purchase,Completed,Chip,Bengaluru,Karnataka,Axis Bank,Credit,Jaipur,Rajasthan,Horizontal incremental software,2025-10,True,False
TXN000000336,CARD000061,C000033,M000049,Nayak PLC,Travel,2026-01-19,7320.27,INR,Merchant Payment,Refunded,Online,Mumbai,Maharashtra,ICICI Bank,Debit,Hyderabad,Telangana,Automated 24hour flexibility,2026-01,False,False
TXN000000337,CARD000063,C000034,M000042,Mahajan Inc,Fashion,2026-05-24,6234.12,INR,Purchase,Pending,Chip,Delhi,Delhi,HDFC Bank,Debit,Hyderabad,Telangana,Customizable 5thgeneration productivity,2026-05,False,False
TXN000000338,CARD000063,C000034,M000056,Kaul Ltd,Health & Wellness,2025-09-22,2136.44,INR,Purchase,Completed,Chip,Lucknow,Uttar Pradesh,HDFC Bank,Debit,Hyderabad,Telangana,Face-to-face empowering solution,2025-09,True,False
TXN000000339,CARD000064,C000034,M000060,"Gala, Balan and Ramanathan",Fashion,2026-01-20,1335.04,INR,Purchase,Pending,Online,Kolkata,West Bengal,ICICI Bank,Debit,Hyderabad,Telangana,Inverse object-oriented frame,2026-01,False,False
TXN000000340,CARD000064,C000034,M000087,Chowdhury Inc,Entertainment,2025-05-08,9843.26,INR,Purchase,Completed,Contactless,Kolkata,West Bengal,ICICI Bank,Debit,Hyderabad,Telangana,Phased mobile matrix,2025-05,True,False
TXN000000341,CARD000064,C000034,M000060,"Gala, Balan and Ramanathan",Fashion,2025-11-12,3400.02,INR,Purchase,Completed,Chip,Kolkata,West Bengal,ICICI Bank,Debit,Hyderabad,Telangana,Re-engineered content-based framework,2025-11,True,False
TXN000000342,CARD000064,C000034,M000076,Lal-Madan,Retail,2026-08-25,2219.58,INR,Refund,Pending,Chip,Chennai,Tamil Nadu,ICICI Bank,Debit,Hyderabad,Telangana,Business-focused 5thgeneration matrix,2026-08,False,False
TXN000000343,CARD000064,C000034,M000001,"Andra, Chaudhry and Dugar",Education,2026-09-11,221.09,INR,Purchase,Completed,Contactless,Kolkata,West Bengal,ICICI Bank,Debit,Hyderabad,Telangana,Reverse-engineered 3rdgeneration algorithm,2026-09,True,False
TXN000000344,CARD000064,C000034,M000043,Nadkarni Inc,Education,2026-06-10,3061.28,INR,Purchase,Refunded,Online,Delhi,Delhi,ICICI Bank,Debit,Hyderabad,Telangana,Fully-configurable discrete help-desk,2026-06,False,False
TXN000000345,CARD000064,C000034,M000062,Buch-Lad,Grocery,2026-05-07,926.44,INR,Purchase,Failed,Online,Chennai,Tamil Nadu,ICICI Bank,Debit,Hyderabad,Telangana,Distributed context-sensitive flexibility,2026-05,False,True
TXN000000346,CARD000064,C000034,M000067,Dewan-Iyer,Electronics,2025-11-10,9285.32,INR,Purchase,Completed,Online,Hyderabad,Telangana,ICICI Bank,Debit,Hyderabad,Telangana,Profit-focused grid-enabled framework,2025-11,True,False
TXN000000347,CARD000064,C000034,M000096,"Goyal, Chahal and Sachdeva",Grocery,2026-05-24,1424.08,INR,Purchase,Completed,ATM,Hyderabad,Telangana,ICICI Bank,Debit,Hyderabad,Telangana,Team-oriented context-sensitive artificial intelligence,2026-05,True,False
TXN000000348,CARD000064,C000034,M000071,Contractor-Dayal,Grocery,2026-04-20,640.45,INR,Purchase,Completed,Chip,Delhi,Delhi,ICICI Bank,Debit,Hyderabad,Telangana,Polarized homogeneous protocol,2026-04,True,False
TXN000000349,CARD000064,C000034,M000021,Balan-Bali,Restaurants,2026-04-24,287.65,INR,Purchase,Failed,Contactless,Mumbai,Maharashtra,ICICI Bank,Debit,Hyderabad,Telangana,Integrated asymmetric leverage,2026-04,False,True
TXN000000350,CARD000064,C000034,M000088,Manda-Borra,Travel,2026-03-04,2081.31,INR,Purchase,Failed,Contactless,Bengaluru,Karnataka,ICICI Bank,Debit,Hyderabad,Telangana,Optional bifurcated alliance,2026-03,False,True
TXN000000351,CARD000064,C000034,M000052,"Pant, Mall and Grewal",Education,2026-09-28,2500.72,INR,Purchase,Completed,Contactless,Chennai,Tamil Nadu,ICICI Bank,Debit,Hyderabad,Telangana,Diverse exuding throughput,2026-09,True,False
TXN000000352,CARD000064,C000034,M000026,"Ray, Saraf and Barad",Education,2026-08-25,5110.12,INR,Purchase,Completed,Contactless,Jaipur,Rajasthan,ICICI Bank,Debit,Hyderabad,Telangana,Profit-focused 4thgeneration contingency,2026-08,True,False
TXN000000353,CARD000064,C000034,M000089,Savant Ltd,Travel,2026-02-12,3942.71,INR,Purchase,Completed,Chip,Chennai,Tamil Nadu,ICICI Bank,Debit,Hyderabad,Telangana,Public-key 24/7 parallelism,2026-02,True,False
TXN000000354,CARD000064,C000034,M000036,Patla-Date,Grocery,2025-12-29,898.2,INR,Refund,Completed,Contactless,Delhi,Delhi,ICICI Bank,Debit,Hyderabad,Telangana,Configurable needs-based model,2025-12,True,False
TXN000000355,CARD000064,C000034,M000055,Bala LLC,Grocery,2026-09-06,3443.18,INR,Purchase,Completed,Chip,Delhi,Delhi,ICICI Bank,Debit,Hyderabad,Telangana,Exclusive stable interface,2026-09,True,False
TXN000000356,CARD000065,C000035,M000089,Savant Ltd,Travel,2026-05-08,8715.01,INR,Purchase,Completed,Contactless,Chennai,Tamil Nadu,State Bank of India,Debit,Ahmedabad,Gujarat,Distributed directional time-frame,2026-05,True,False
TXN000000357,CARD000065,C000035,M000037,Sane PLC,Restaurants,2025-10-14,476.6,INR,Purchase,Completed,Online,Jaipur,Rajasthan,State Bank of India,Debit,Ahmedabad,Gujarat,Ergonomic client-server infrastructure,2025-10,True,False
TXN000000358,CARD000065,C000035,M000019,Sundaram LLC,Health & Wellness,2026-07-19,5852.29,INR,Wallet Top-up,Disputed,Online,Pune,Maharashtra,State Bank of India,Debit,Ahmedabad,Gujarat,Devolved didactic hardware,2026-07,False,False
TXN000000359,CARD000065,C000035,M000032,Chand-Bajaj,Grocery,2026-07-15,682.8,INR,Bill Payment,Completed,ATM,Bengaluru,Karnataka,State Bank of India,Debit,Ahmedabad,Gujarat,Inverse executive functionalities,2026-07,True,False
TXN000000360,CARD000065,C000035,M000039,Chaudhuri-Om,Education,2025-10-08,5424.0,INR,Bill Payment,Completed,ATM,Bengaluru,Karnataka,State Bank of India,Debit,Ahmedabad,Gujarat,Public-key value-added portal,2025-10,True,False
TXN000000361,CARD000065,C000035,M000004,"Bhargava, Sant and Bava",Electronics,2025-10-16,5042.08,INR,Purchase,Completed,Online,Chennai,Tamil Nadu,State Bank of India,Debit,Ahmedabad,Gujarat,User-centric full-range leverage,2025-10,True,False
TXN000000362,CARD000065,C000035,M000022,Pingle-Ramachandran,Health & Wellness,2025-12-01,1275.98,INR,Refund,Completed,Contactless,Ahmedabad,Gujarat,State Bank of India,Debit,Ahmedabad,Gujarat,Virtual non-volatile array,2025-12,True,False
TXN000000363,CARD000065,C000035,M000002,Char-Sood,Grocery,2026-07-17,883.01,INR,Purchase,Completed,ATM,Bengaluru,Karnataka,State Bank of India,Debit,Ahmedabad,Gujarat,Decentralized zero tolerance migration,2026-07,True,False
TXN000000364,CARD000065,C000035,M000036,Patla-Date,Grocery,2026-07-27,826.88,INR,Purchase,Completed,Chip,Delhi,Delhi,State Bank of India,Debit,Ahmedabad,Gujarat,Sharable intangible ability,2026-07,True,False
TXN000000365,CARD000065,C000035,M000099,Cheema-Dugar,Online Services,2025-08-02,698.71,INR,Purchase,Completed,ATM,Hyderabad,Telangana,State Bank of India,Debit,Ahmedabad,Gujarat,Synergized 5thgeneration capability,2025-08,True,False
TXN000000366,CARD000065,C000035,M000026,"Ray, Saraf and Barad",Education,2025-11-07,4999.01,INR,Purchase,Pending,ATM,Jaipur,Rajasthan,State Bank of India,Debit,Ahmedabad,Gujarat,Enterprise-wide intermediate concept,2025-11,False,False
TXN000000367,CARD000065,C000035,M000012,Kade Ltd,Health & Wellness,2026-09-22,1249.36,INR,Bill Payment,Completed,Contactless,Delhi,Delhi,State Bank of India,Debit,Ahmedabad,Gujarat,Automated zero tolerance initiative,2026-09,True,False
TXN000000368,CARD000065,C000035,M000025,Peri-Sagar,Online Services,2025-05-31,5609.02,INR,Purchase,Completed,Contactless,Lucknow,Uttar Pradesh,State Bank of India,Debit,Ahmedabad,Gujarat,Quality-focused content-based extranet,2025-05,True,False
TXN000000369,CARD000065,C000035,M000061,Mukhopadhyay-Sami,Entertainment,2026-07-26,1375.01,INR,Merchant Payment,Pending,Chip,Jaipur,Rajasthan,State Bank of India,Debit,Ahmedabad,Gujarat,Versatile didactic model,2026-07,False,False
TXN000000370,CARD000065,C000035,M000057,Bora-Grewal,Health & Wellness,2025-05-09,890.16,INR,Purchase,Pending,Chip,Bengaluru,Karnataka,State Bank of India,Debit,Ahmedabad,Gujarat,Multi-channeled leadingedge circuit,2025-05,False,False
TXN000000371,CARD000065,C000035,M000068,Padmanabhan Group,Fashion,2025-09-27,2601.94,INR,Wallet Top-up,Completed,Chip,Bengaluru,Karnataka,State Bank of India,Debit,Ahmedabad,Gujarat,Front-line tangible algorithm,2025-09,True,False
TXN000000372,CARD000065,C000035,M000036,Patla-Date,Grocery,2026-01-27,1821.24,INR,Bill Payment,Completed,ATM,Delhi,Delhi,State Bank of India,Debit,Ahmedabad,Gujarat,Managed reciprocal attitude,2026-01,True,False
TXN000000373,CARD000066,C000036,M000050,Aggarwal-Sule,Education,2026-02-09,3520.14,INR,Purchase,Pending,Chip,Jaipur,Rajasthan,Axis Bank,Credit,Mumbai,Maharashtra,Grass-roots bi-directional adapter,2026-02,False,False
TXN000000374,CARD000066,C000036,M000014,Karnik-Walla,Electronics,2025-04-26,7394.52,INR,Purchase,Completed,Chip,Kolkata,West Bengal,Axis Bank,Credit,Mumbai,Maharashtra,Secured demand-driven analyzer,2025-04,True,False
TXN000000375,CARD000068,C000037,M000005,Bhattacharyya-Vala,Electronics,2025-08-07,4355.45,INR,Purchase,Completed,EMV,Hyderabad,Telangana,Axis Bank,Credit,Jaipur,Rajasthan,Expanded user-facing project,2025-08,True,False
TXN000000376,CARD000068,C000037,M000055,Bala LLC,Grocery,2025-07-21,2594.85,INR,Purchase,Failed,Chip,Delhi,Delhi,Axis Bank,Credit,Jaipur,Rajasthan,Multi-tiered asymmetric middleware,2025-07,False,True
TXN000000377,CARD000068,C000037,M000020,Dutta-Apte,Online Services,2025-05-22,1225.25,INR,Purchase,Completed,Online,Ahmedabad,Gujarat,Axis Bank,Credit,Jaipur,Rajasthan,Quality-focused full-range flexibility,2025-05,True,False
TXN000000378,CARD000068,C000037,M000031,"Varma, Seth and Bora",Online Services,2025-07-07,4455.11,INR,Purchase,Completed,Contactless,Hyderabad,Telangana,Axis Bank,Credit,Jaipur,Rajasthan,Stand-alone logistical groupware,2025-07,True,False
TXN000000379,CARD000068,C000037,M000001,"Andra, Chaudhry and Dugar",Education,2025-10-28,2163.26,INR,Purchase,Completed,Chip,Kolkata,West Bengal,Axis Bank,Credit,Jaipur,Rajasthan,Implemented human-resource moderator,2025-10,True,False
TXN000000380,CARD000068,C000037,M000062,Buch-Lad,Grocery,2026-05-13,2287.04,INR,Purchase,Completed,EMV,Chennai,Tamil Nadu,Axis Bank,Credit,Jaipur,Rajasthan,Visionary grid-enabled encoding,2026-05,True,False
TXN000000381,CARD000069,C000037,M000087,Chowdhury Inc,Entertainment,2025-09-21,2542.54,INR,Bill Payment,Pending,ATM,Kolkata,West Bengal,State Bank of India,Debit,Jaipur,Rajasthan,Progressive multi-state installation,2025-09,False,False
TXN000000382,CARD000069,C000037,M000067,Dewan-Iyer,Electronics,2025-07-08,5189.32,INR,Purchase,Completed,Contactless,Hyderabad,Telangana,State Bank of India,Debit,Jaipur,Rajasthan,Persistent executive data-warehouse,2025-07,True,False
TXN000000383,CARD000069,C000037,M000057,Bora-Grewal,Health & Wellness,2025-08-18,2106.99,INR,Bill Payment,Completed,ATM,Bengaluru,Karnataka,State Bank of India,Debit,Jaipur,Rajasthan,Upgradable modular array,2025-08,True,False
TXN000000384,CARD000070,C000038,M000013,"Bora, Mukherjee and Rajagopal",Retail,2025-05-24,2534.68,INR,Purchase,Completed,EMV,Delhi,Delhi,HDFC Bank,Credit,Delhi,Delhi,Exclusive fault-tolerant project,2025-05,True,False
TXN000000385,CARD000070,C000038,M000055,Bala LLC,Grocery,2025-05-26,1553.76,INR,Purchase,Completed,Contactless,Delhi,Delhi,HDFC Bank,Credit,Delhi,Delhi,Quality-focused fault-tolerant system engine,2025-05,True,False
TXN000000386,CARD000070,C000038,M000089,Savant Ltd,Travel,2026-01-10,6044.48,INR,Purchase,Completed,Online,Chennai,Tamil Nadu,HDFC Bank,Credit,Delhi,Delhi,Centralized hybrid functionalities,2026-01,True,False
TXN000000387,CARD000070,C000038,M000073,Bava-Bobal,Online Services,2025-04-28,1270.73,INR,Purchase,Failed,EMV,Jaipur,Rajasthan,HDFC Bank,Credit,Delhi,Delhi,Reactive needs-based migration,2025-04,False,True
TXN000000388,CARD000071,C000038,M000008,"Kakar, Dayal and Ganesan",Health & Wellness,2026-01-22,591.14,INR,Purchase,Completed,EMV,Pune,Maharashtra,State Bank of India,Credit,Delhi,Delhi,Visionary 24/7 secured line,2026-01,True,False
TXN000000389,CARD000071,C000038,M000004,"Bhargava, Sant and Bava",Electronics,2026-05-09,9554.07,INR,Purchase,Completed,EMV,Chennai,Tamil Nadu,State Bank of India,Credit,Delhi,Delhi,Virtual disintermediate solution,2026-05,True,False
TXN000000390,CARD000071,C000038,M000042,Mahajan Inc,Fashion,2025-09-08,9886.5,INR,Purchase,Completed,Chip,Delhi,Delhi,State Bank of India,Credit,Delhi,Delhi,Polarized full-range analyzer,2025-09,True,False
TXN000000391,CARD000072,C000039,M000095,Sehgal-Bali,Education,2025-08-21,5007.09,INR,Purchase,Failed,Online,Chennai,Tamil Nadu,Axis Bank,Debit,Jaipur,Rajasthan,Stand-alone exuding benchmark,2025-08,False,True
TXN000000392,CARD000072,C000039,M000037,Sane PLC,Restaurants,2025-12-24,3486.39,INR,Purchase,Disputed,ATM,Jaipur,Rajasthan,Axis Bank,Debit,Jaipur,Rajasthan,Programmable bifurcated artificial intelligence,2025-12,False,False
TXN000000393,CARD000072,C000039,M000088,Manda-Borra,Travel,2025-12-06,4217.5,INR,Purchase,Pending,Online,Bengaluru,Karnataka,Axis Bank,Debit,Jaipur,Rajasthan,Centralized clear-thinking intranet,2025-12,False,False
TXN000000394,CARD000072,C000039,M000067,Dewan-Iyer,Electronics,2025-06-22,5527.19,INR,Purchase,Completed,ATM,Hyderabad,Telangana,Axis Bank,Debit,Jaipur,Rajasthan,Ergonomic responsive portal,2025-06,True,False
TXN000000395,CARD000072,C000039,M000032,Chand-Bajaj,Grocery,2026-06-07,614.19,INR,Bill Payment,Completed,Contactless,Bengaluru,Karnataka,Axis Bank,Debit,Jaipur,Rajasthan,Realigned full-range hub,2026-06,True,False
TXN000000396,CARD000072,C000039,M000023,"Setty, Dalal and Mukherjee",Travel,2026-05-17,3889.91,INR,Purchase,Pending,ATM,Hyderabad,Telangana,Axis Bank,Debit,Jaipur,Rajasthan,Up-sized 6thgeneration ability,2026-05,False,False
TXN000000397,CARD000072,C000039,M000009,Mani-Babu,Travel,2025-08-08,4430.98,INR,Purchase,Completed,Contactless,Pune,Maharashtra,Axis Bank,Debit,Jaipur,Rajasthan,Switchable intermediate alliance,2025-08,True,False
TXN000000398,CARD000072,C000039,M000023,"Setty, Dalal and Mukherjee",Travel,2026-05-09,5340.84,INR,Purchase,Completed,Online,Hyderabad,Telangana,Axis Bank,Debit,Jaipur,Rajasthan,Reduced background structure,2026-05,True,False
TXN000000399,CARD000072,C000039,M000058,"Rattan, Merchant and Mishra",Grocery,2025-11-12,2915.08,INR,Purchase,Completed,Online,Ahmedabad,Gujarat,Axis Bank,Debit,Jaipur,Rajasthan,User-friendly tertiary array,2025-11,True,False
TXN000000400,CARD000072,C000039,M000084,Joshi-Kata,Entertainment,2025-05-06,7737.93,INR,Purchase,Refunded,Online,Delhi,Delhi,Axis Bank,Debit,Jaipur,Rajasthan,Digitized global neural-net,2025-05,False,False
TXN000000401,CARD000072,C000039,M000053,Dhingra Inc,Education,2025-05-23,5480.18,INR,Purchase,Completed,Contactless,Bengaluru,Karnataka,Axis Bank,Debit,Jaipur,Rajasthan,Automated coherent model,2025-05,True,False
TXN000000402,CARD000072,C000039,M000028,Mane and Sons,Electronics,2026-04-27,8418.83,INR,Merchant Payment,Completed,ATM,Kolkata,West Bengal,Axis Bank,Debit,Jaipur,Rajasthan,Self-enabling intermediate website,2026-04,True,False
TXN000000403,CARD000072,C000039,M000078,Gupta-Shetty,Grocery,2026-01-03,598.17,INR,Purchase,Completed,Chip,Bengaluru,Karnataka,Axis Bank,Debit,Jaipur,Rajasthan,Multi-layered fault-tolerant capacity,2026-01,True,False
TXN000000404,CARD000073,C000040,M000003,Shah-Pal,Travel,2025-08-21,1307.85,INR,Refund,Completed,Online,Chennai,Tamil Nadu,Axis Bank,Credit,Bengaluru,Karnataka,Seamless static complexity,2025-08,True,False
TXN000000405,CARD000073,C000040,M000070,Kala-Borah,Fashion,2025-04-22,3829.32,INR,Purchase,Failed,Contactless,Delhi,Delhi,Axis Bank,Credit,Bengaluru,Karnataka,Profound mission-critical toolset,2025-04,False,True
TXN000000406,CARD000073,C000040,M000010,Lall-Ravel,Electronics,2025-06-12,2566.45,INR,Purchase,Completed,Chip,Mumbai,Maharashtra,Axis Bank,Credit,Bengaluru,Karnataka,Devolved content-based concept,2025-06,True,False
TXN000000407,CARD000073,C000040,M000070,Kala-Borah,Fashion,2026-03-24,8192.25,INR,Purchase,Pending,Chip,Delhi,Delhi,Axis Bank,Credit,Bengaluru,Karnataka,Enterprise-wide national circuit,2026-03,False,False
TXN000000408,CARD000073,C000040,M000064,"Sandal, Sami and Kanda",Retail,2026-07-20,1882.77,INR,Purchase,Completed,Contactless,Delhi,Delhi,Axis Bank,Credit,Bengaluru,Karnataka,Sharable actuating artificial intelligence,2026-07,True,False
TXN000000409,CARD000073,C000040,M000054,Sama Ltd,Grocery,2025-10-21,1747.22,INR,Purchase,Completed,EMV,Kolkata,West Bengal,Axis Bank,Credit,Bengaluru,Karnataka,Future-proofed demand-driven firmware,2025-10,True,False
TXN000000410,CARD000073,C000040,M000007,"Chowdhury, Nagar and Nanda",Online Services,2025-06-06,2149.13,INR,Wallet Top-up,Completed,Chip,Kolkata,West Bengal,Axis Bank,Credit,Bengaluru,Karnataka,Cross-platform human-resource project,2025-06,True,False
TXN000000411,CARD000073,C000040,M000056,Kaul Ltd,Health & Wellness,2025-11-08,3159.38,INR,Purchase,Pending,EMV,Lucknow,Uttar Pradesh,Axis Bank,Credit,Bengaluru,Karnataka,De-engineered human-resource middleware,2025-11,False,False
TXN000000412,CARD000073,C000040,M000021,Balan-Bali,Restaurants,2026-07-27,3080.42,INR,Merchant Payment,Refunded,Online,Mumbai,Maharashtra,Axis Bank,Credit,Bengaluru,Karnataka,Focused demand-driven firmware,2026-07,False,False
TXN000000413,CARD000073,C000040,M000020,Dutta-Apte,Online Services,2026-05-18,5709.23,INR,Purchase,Disputed,Contactless,Ahmedabad,Gujarat,Axis Bank,Credit,Bengaluru,Karnataka,Multi-lateral multi-tasking adapter,2026-05,False,False
TXN000000414,CARD000073,C000040,M000043,Nadkarni Inc,Education,2026-03-30,324.15,INR,Purchase,Refunded,EMV,Delhi,Delhi,Axis Bank,Credit,Bengaluru,Karnataka,Networked analyzing migration,2026-03,False,False
TXN000000415,CARD000073,C000040,M000036,Patla-Date,Grocery,2025-05-15,1446.75,INR,Bill Payment,Failed,Online,Delhi,Delhi,Axis Bank,Credit,Bengaluru,Karnataka,Cross-platform analyzing infrastructure,2025-05,False,True
TXN000000416,CARD000073,C000040,M000085,Sahni-Nagar,Travel,2026-06-04,4850.74,INR,Purchase,Completed,Contactless,Ahmedabad,Gujarat,Axis Bank,Credit,Bengaluru,Karnataka,Customer-focused demand-driven middleware,2026-06,True,False
TXN000000417,CARD000073,C000040,M000053,Dhingra Inc,Education,2026-04-25,5485.27,INR,Purchase,Refunded,Online,Bengaluru,Karnataka,Axis Bank,Credit,Bengaluru,Karnataka,Reduced logistical array,2026-04,False,False
TXN000000418,CARD000073,C000040,M000053,Dhingra Inc,Education,2026-08-29,682.98,INR,Wallet Top-up,Pending,Chip,Bengaluru,Karnataka,Axis Bank,Credit,Bengaluru,Karnataka,Digitized well-modulated concept,2026-08,False,False
TXN000000419,CARD000074,C000040,M000005,Bhattacharyya-Vala,Electronics,2025-08-07,119.4,INR,Refund,Completed,Contactless,Hyderabad,Telangana,Kotak Mahindra Bank,Credit,Bengaluru,Karnataka,Versatile high-level forecast,2025-08,True,False
TXN000000420,CARD000074,C000040,M000013,"Bora, Mukherjee and Rajagopal",Retail,2026-03-08,2835.86,INR,Purchase,Pending,Contactless,Delhi,Delhi,Kotak Mahindra Bank,Credit,Bengaluru,Karnataka,Object-based real-time support,2026-03,False,False
TXN000000421,CARD000075,C000041,M000031,"Varma, Seth and Bora",Online Services,2026-04-20,3312.3,INR,Purchase,Completed,Chip,Hyderabad,Telangana,State Bank of India,Debit,Chennai,Tamil Nadu,Cross-platform multimedia framework,2026-04,True,False
TXN000000422,CARD000075,C000041,M000080,Krishnamurthy LLC,Online Services,2026-02-21,1440.32,INR,Purchase,Refunded,ATM,Chennai,Tamil Nadu,State Bank of India,Debit,Chennai,Tamil Nadu,Enterprise-wide real-time neural-net,2026-02,False,False
TXN000000423,CARD000075,C000041,M000021,Balan-Bali,Restaurants,2026-09-09,2221.73,INR,Merchant Payment,Completed,Online,Mumbai,Maharashtra,State Bank of India,Debit,Chennai,Tamil Nadu,Versatile real-time matrix,2026-09,True,False
TXN000000424,CARD000075,C000041,M000048,Chad Inc,Travel,2025-11-22,5662.75,INR,Merchant Payment,Completed,Online,Bengaluru,Karnataka,State Bank of India,Debit,Chennai,Tamil Nadu,Ergonomic interactive hierarchy,2025-11,True,False
TXN000000425,CARD000075,C000041,M000094,Raju Ltd,Electronics,2026-04-27,1292.22,INR,Merchant Payment,Completed,ATM,Kolkata,West Bengal,State Bank of India,Debit,Chennai,Tamil Nadu,Integrated disintermediate interface,2026-04,True,False
TXN000000426,CARD000075,C000041,M000088,Manda-Borra,Travel,2025-12-18,3315.81,INR,Refund,Pending,Contactless,Bengaluru,Karnataka,State Bank of India,Debit,Chennai,Tamil Nadu,Team-oriented client-server parallelism,2025-12,False,False
TXN000000427,CARD000075,C000041,M000084,Joshi-Kata,Entertainment,2025-08-01,2368.22,INR,Refund,Pending,Contactless,Delhi,Delhi,State Bank of India,Debit,Chennai,Tamil Nadu,Expanded 5thgeneration toolset,2025-08,False,False
TXN000000428,CARD000075,C000041,M000071,Contractor-Dayal,Grocery,2025-11-25,1834.33,INR,Purchase,Pending,ATM,Delhi,Delhi,State Bank of India,Debit,Chennai,Tamil Nadu,Future-proofed contextually-based concept,2025-11,False,False
TXN000000429,CARD000075,C000041,M000063,Chatterjee-Borde,Retail,2026-08-25,1266.35,INR,Purchase,Pending,Online,Mumbai,Maharashtra,State Bank of India,Debit,Chennai,Tamil Nadu,Decentralized analyzing groupware,2026-08,False,False
TXN000000430,CARD000075,C000041,M000083,Wason Ltd,Entertainment,2026-06-16,1187.33,INR,Purchase,Completed,ATM,Mumbai,Maharashtra,State Bank of India,Debit,Chennai,Tamil Nadu,Up-sized coherent initiative,2026-06,True,False
TXN000000431,CARD000075,C000041,M000084,Joshi-Kata,Entertainment,2025-11-21,2809.96,INR,Purchase,Failed,ATM,Delhi,Delhi,State Bank of India,Debit,Chennai,Tamil Nadu,Phased bifurcated algorithm,2025-11,False,True
TXN000000432,CARD000075,C000041,M000028,Mane and Sons,Electronics,2025-04-27,3227.97,INR,Purchase,Disputed,Chip,Kolkata,West Bengal,State Bank of India,Debit,Chennai,Tamil Nadu,Monitored web-enabled function,2025-04,False,False
TXN000000433,CARD000075,C000041,M000086,"Barad, Keer and Behl",Entertainment,2025-07-10,3317.36,INR,Bill Payment,Completed,Chip,Lucknow,Uttar Pradesh,State Bank of India,Debit,Chennai,Tamil Nadu,Public-key fresh-thinking Local Area Network,2025-07,True,False
TXN000000434,CARD000075,C000041,M000021,Balan-Bali,Restaurants,2025-11-28,2553.48,INR,Purchase,Completed,Chip,Mumbai,Maharashtra,State Bank of India,Debit,Chennai,Tamil Nadu,Profound client-server solution,2025-11,True,False
TXN000000435,CARD000075,C000041,M000018,Guha Group,Retail,2026-01-24,598.06,INR,Purchase,Completed,Online,Kolkata,West Bengal,State Bank of India,Debit,Chennai,Tamil Nadu,Ergonomic local leverage,2026-01,True,False
TXN000000436,CARD000075,C000041,M000041,Patla-Anand,Travel,2026-01-19,7306.37,INR,Purchase,Completed,Online,Bengaluru,Karnataka,State Bank of India,Debit,Chennai,Tamil Nadu,Future-proofed dynamic firmware,2026-01,True,False
TXN000000437,CARD000076,C000042,M000001,"Andra, Chaudhry and Dugar",Education,2026-09-23,3975.29,INR,Purchase,Completed,Online,Kolkata,West Bengal,ICICI Bank,Debit,Hyderabad,Telangana,Upgradable motivating methodology,2026-09,True,False
TXN000000438,CARD000076,C000042,M000100,"Banik, Raman and Sarma",Travel,2025-06-05,9652.97,INR,Purchase,Pending,Online,Hyderabad,Telangana,ICICI Bank,Debit,Hyderabad,Telangana,Open-source global circuit,2025-06,False,False
TXN000000439,CARD000076,C000042,M000062,Buch-Lad,Grocery,2026-04-13,415.73,INR,Wallet Top-up,Refunded,ATM,Chennai,Tamil Nadu,ICICI Bank,Debit,Hyderabad,Telangana,Cloned tertiary encryption,2026-04,False,False
TXN000000440,CARD000076,C000042,M000060,"Gala, Balan and Ramanathan",Fashion,2026-09-26,8784.87,INR,Purchase,Completed,Contactless,Kolkata,West Bengal,ICICI Bank,Debit,Hyderabad,Telangana,Mandatory grid-enabled core,2026-09,True,False
TXN000000441,CARD000076,C000042,M000054,Sama Ltd,Grocery,2026-01-13,544.55,INR,Purchase,Completed,ATM,Kolkata,West Bengal,ICICI Bank,Debit,Hyderabad,Telangana,Configurable responsive open system,2026-01,True,False
TXN000000442,CARD000076,C000042,M000083,Wason Ltd,Entertainment,2025-05-07,1535.42,INR,Refund,Completed,ATM,Mumbai,Maharashtra,ICICI Bank,Debit,Hyderabad,Telangana,Integrated upward-trending forecast,2025-05,True,False
TXN000000443,CARD000076,C000042,M000078,Gupta-Shetty,Grocery,2025-11-22,721.18,INR,Purchase,Completed,Online,Bengaluru,Karnataka,ICICI Bank,Debit,Hyderabad,Telangana,Persevering 24/7 initiative,2025-11,True,False
TXN000000444,CARD000076,C000042,M000036,Patla-Date,Grocery,2026-09-13,2320.14,INR,Purchase,Completed,Chip,Delhi,Delhi,ICICI Bank,Debit,Hyderabad,Telangana,Focused hybrid customer loyalty,2026-09,True,False
TXN000000445,CARD000076,C000042,M000030,"Varty, Rout and Banerjee",Retail,2026-03-20,2359.57,INR,Purchase,Completed,Contactless,Lucknow,Uttar Pradesh,ICICI Bank,Debit,Hyderabad,Telangana,Phased stable attitude,2026-03,True,False
TXN000000446,CARD000076,C000042,M000023,"Setty, Dalal and Mukherjee",Travel,2026-09-24,1674.14,INR,Refund,Pending,Online,Hyderabad,Telangana,ICICI Bank,Debit,Hyderabad,Telangana,Profit-focused analyzing alliance,2026-09,False,False
TXN000000447,CARD000076,C000042,M000027,"Dasgupta, Padmanabhan and Mahajan",Online Services,2026-07-05,1710.53,INR,Merchant Payment,Failed,Chip,Pune,Maharashtra,ICICI Bank,Debit,Hyderabad,Telangana,Multi-tiered actuating firmware,2026-07,False,True
TXN000000448,CARD000076,C000042,M000072,Jani and Sons,Electronics,2026-05-14,4533.71,INR,Purchase,Refunded,Contactless,Lucknow,Uttar Pradesh,ICICI Bank,Debit,Hyderabad,Telangana,Balanced scalable synergy,2026-05,False,False
TXN000000449,CARD000076,C000042,M000011,Krishnamurthy and Sons,Online Services,2026-01-30,4022.16,INR,Purchase,Completed,ATM,Bengaluru,Karnataka,ICICI Bank,Debit,Hyderabad,Telangana,Streamlined didactic standardization,2026-01,True,False
TXN000000450,CARD000077,C000043,M000080,Krishnamurthy LLC,Online Services,2026-07-20,5879.7,INR,Wallet Top-up,Completed,Online,Chennai,Tamil Nadu,State Bank of India,Debit,Bengaluru,Karnataka,Cloned radical orchestration,2026-07,True,False
TXN000000451,CARD000077,C000043,M000002,Char-Sood,Grocery,2025-12-26,3340.61,INR,Purchase,Completed,Contactless,Bengaluru,Karnataka,State Bank of India,Debit,Bengaluru,Karnataka,Inverse even-keeled algorithm,2025-12,True,False
TXN000000452,CARD000077,C000043,M000009,Mani-Babu,Travel,2025-04-29,7803.03,INR,Refund,Failed,Contactless,Pune,Maharashtra,State Bank of India,Debit,Bengaluru,Karnataka,Object-based scalable application,2025-04,False,True
TXN000000453,CARD000078,C000043,M000086,"Barad, Keer and Behl",Entertainment,2025-09-19,9443.35,INR,Purchase,Completed,Chip,Lucknow,Uttar Pradesh,Kotak Mahindra Bank,Credit,Bengaluru,Karnataka,Enterprise-wide regional circuit,2025-09,True,False
TXN000000454,CARD000078,C000043,M000009,Mani-Babu,Travel,2025-08-02,2317.76,INR,Wallet Top-up,Completed,Online,Pune,Maharashtra,Kotak Mahindra Bank,Credit,Bengaluru,Karnataka,Adaptive real-time array,2025-08,True,False
TXN000000455,CARD000078,C000043,M000051,"Hegde, Choudhury and Shenoy",Retail,2025-12-09,523.0,INR,Merchant Payment,Completed,Online,Chennai,Tamil Nadu,Kotak Mahindra Bank,Credit,Bengaluru,Karnataka,Vision-oriented 3rdgeneration protocol,2025-12,True,False
TXN000000456,CARD000078,C000043,M000034,"Kala, Rege and Narula",Electronics,2025-08-31,6879.32,INR,Purchase,Completed,Online,Delhi,Delhi,Kotak Mahindra Bank,Credit,Bengaluru,Karnataka,Front-line zero-defect function,2025-08,True,False
TXN000000457,CARD000078,C000043,M000054,Sama Ltd,Grocery,2025-09-24,1885.76,INR,Purchase,Failed,EMV,Kolkata,West Bengal,Kotak Mahindra Bank,Credit,Bengaluru,Karnataka,Polarized multimedia utilization,2025-09,False,True
TXN000000458,CARD000078,C000043,M000100,"Banik, Raman and Sarma",Travel,2026-05-16,5642.03,INR,Purchase,Completed,Chip,Hyderabad,Telangana,Kotak Mahindra Bank,Credit,Bengaluru,Karnataka,Grass-roots static Graphical User Interface,2026-05,True,False
TXN000000459,CARD000078,C000043,M000057,Bora-Grewal,Health & Wellness,2025-08-21,5162.84,INR,Purchase,Completed,Chip,Bengaluru,Karnataka,Kotak Mahindra Bank,Credit,Bengaluru,Karnataka,User-friendly asynchronous projection,2025-08,True,False
TXN000000460,CARD000078,C000043,M000001,"Andra, Chaudhry and Dugar",Education,2026-03-01,4349.16,INR,Purchase,Completed,Online,Kolkata,West Bengal,Kotak Mahindra Bank,Credit,Bengaluru,Karnataka,Upgradable empowering initiative,2026-03,True,False
TXN000000461,CARD000078,C000043,M000020,Dutta-Apte,Online Services,2025-04-16,5158.74,INR,Purchase,Completed,Contactless,Ahmedabad,Gujarat,Kotak Mahindra Bank,Credit,Bengaluru,Karnataka,Progressive interactive orchestration,2025-04,True,False
TXN000000462,CARD000078,C000043,M000010,Lall-Ravel,Electronics,2025-09-13,1650.32,INR,Purchase,Completed,Chip,Mumbai,Maharashtra,Kotak Mahindra Bank,Credit,Bengaluru,Karnataka,Polarized mission-critical concept,2025-09,True,False
TXN000000463,CARD000078,C000043,M000011,Krishnamurthy and Sons,Online Services,2025-04-21,2682.72,INR,Purchase,Completed,Contactless,Bengaluru,Karnataka,Kotak Mahindra Bank,Credit,Bengaluru,Karnataka,Progressive analyzing database,2025-04,True,False
TXN000000464,CARD000079,C000043,M000034,"Kala, Rege and Narula",Electronics,2026-09-18,6305.45,INR,Refund,Refunded,Chip,Delhi,Delhi,HDFC Bank,Credit,Bengaluru,Karnataka,Horizontal maximized support,2026-09,False,False
TXN000000465,CARD000079,C000043,M000003,Shah-Pal,Travel,2025-06-02,4715.55,INR,Purchase,Completed,Online,Chennai,Tamil Nadu,HDFC Bank,Credit,Bengaluru,Karnataka,Innovative human-resource capability,2025-06,True,False
TXN000000466,CARD000080,C000044,M000095,Sehgal-Bali,Education,2026-04-01,563.55,INR,Purchase,Failed,Online,Chennai,Tamil Nadu,ICICI Bank,Credit,Jaipur,Rajasthan,Focused foreground parallelism,2026-04,False,True
TXN000000467,CARD000080,C000044,M000050,Aggarwal-Sule,Education,2025-10-24,4894.44,INR,Purchase,Completed,Contactless,Jaipur,Rajasthan,ICICI Bank,Credit,Jaipur,Rajasthan,Sharable didactic projection,2025-10,True,False
TXN000000468,CARD000080,C000044,M000066,"Iyengar, Ratta and Parekh",Restaurants,2025-07-19,96.72,INR,Purchase,Completed,Chip,Mumbai,Maharashtra,ICICI Bank,Credit,Jaipur,Rajasthan,Profound upward-trending complexity,2025-07,True,False
TXN000000469,CARD000080,C000044,M000016,Bala-Natarajan,Travel,2026-08-08,3177.7,INR,Purchase,Completed,EMV,Mumbai,Maharashtra,ICICI Bank,Credit,Jaipur,Rajasthan,Cloned static framework,2026-08,True,False
TXN000000470,CARD000080,C000044,M000075,Keer Inc,Restaurants,2025-08-06,2773.95,INR,Purchase,Completed,Contactless,Hyderabad,Telangana,ICICI Bank,Credit,Jaipur,Rajasthan,Open-source zero-defect architecture,2025-08,True,False
TXN000000471,CARD000080,C000044,M000038,Gill-Kapur,Entertainment,2025-06-06,840.2,INR,Merchant Payment,Completed,Contactless,Delhi,Delhi,ICICI Bank,Credit,Jaipur,Rajasthan,User-centric tertiary challenge,2025-06,True,False
TXN000000472,CARD000080,C000044,M000031,"Varma, Seth and Bora",Online Services,2025-08-15,1631.73,INR,Purchase,Failed,EMV,Hyderabad,Telangana,ICICI Bank,Credit,Jaipur,Rajasthan,Integrated client-server methodology,2025-08,False,True
TXN000000473,CARD000080,C000044,M000016,Bala-Natarajan,Travel,2025-09-21,2194.62,INR,Refund,Completed,Chip,Mumbai,Maharashtra,ICICI Bank,Credit,Jaipur,Rajasthan,Inverse foreground workforce,2025-09,True,False
TXN000000474,CARD000080,C000044,M000091,Dhaliwal-Pandey,Health & Wellness,2026-07-13,4044.34,INR,Merchant Payment,Completed,EMV,Hyderabad,Telangana,ICICI Bank,Credit,Jaipur,Rajasthan,Future-proofed empowering ability,2026-07,True,False
TXN000000475,CARD000080,C000044,M000033,"Deshmukh, Sharma and Toor",Online Services,2025-12-29,5485.02,INR,Purchase,Completed,Online,Hyderabad,Telangana,ICICI Bank,Credit,Jaipur,Rajasthan,Monitored contextually-based toolset,2025-12,True,False
TXN000000476,CARD000080,C000044,M000096,"Goyal, Chahal and Sachdeva",Grocery,2026-07-27,3090.42,INR,Purchase,Completed,EMV,Hyderabad,Telangana,ICICI Bank,Credit,Jaipur,Rajasthan,Reactive intangible standardization,2026-07,True,False
TXN000000477,CARD000080,C000044,M000061,Mukhopadhyay-Sami,Entertainment,2025-11-02,857.5,INR,Purchase,Refunded,EMV,Jaipur,Rajasthan,ICICI Bank,Credit,Jaipur,Rajasthan,Exclusive 4thgeneration workforce,2025-11,False,False
TXN000000478,CARD000080,C000044,M000091,Dhaliwal-Pandey,Health & Wellness,2026-05-14,4556.41,INR,Merchant Payment,Completed,Chip,Hyderabad,Telangana,ICICI Bank,Credit,Jaipur,Rajasthan,Organic uniform hub,2026-05,True,False
TXN000000479,CARD000080,C000044,M000023,"Setty, Dalal and Mukherjee",Travel,2026-04-11,7316.83,INR,Purchase,Completed,Contactless,Hyderabad,Telangana,ICICI Bank,Credit,Jaipur,Rajasthan,Streamlined context-sensitive parallelism,2026-04,True,False
TXN000000480,CARD000080,C000044,M000091,Dhaliwal-Pandey,Health & Wellness,2026-02-25,512.21,INR,Purchase,Failed,EMV,Hyderabad,Telangana,ICICI Bank,Credit,Jaipur,Rajasthan,Cloned intermediate customer loyalty,2026-02,False,True
TXN000000481,CARD000080,C000044,M000086,"Barad, Keer and Behl",Entertainment,2025-11-23,8316.87,INR,Purchase,Completed,EMV,Lucknow,Uttar Pradesh,ICICI Bank,Credit,Jaipur,Rajasthan,Inverse impactful open system,2025-11,True,False
TXN000000482,CARD000082,C000044,M000013,"Bora, Mukherjee and Rajagopal",Retail,2025-06-12,2598.34,INR,Purchase,Failed,Chip,Delhi,Delhi,HDFC Bank,Credit,Jaipur,Rajasthan,Fundamental impactful protocol,2025-06,False,True
TXN000000483,CARD000082,C000044,M000074,"Halder, Oommen and Varty",Travel,2025-09-23,6748.3,INR,Refund,Failed,EMV,Lucknow,Uttar Pradesh,HDFC Bank,Credit,Jaipur,Rajasthan,Horizontal discrete protocol,2025-09,False,True
TXN000000484,CARD000082,C000044,M000060,"Gala, Balan and Ramanathan",Fashion,2026-07-03,6887.56,INR,Bill Payment,Completed,Chip,Kolkata,West Bengal,HDFC Bank,Credit,Jaipur,Rajasthan,Compatible static forecast,2026-07,True,False
TXN000000485,CARD000082,C000044,M000099,Cheema-Dugar,Online Services,2025-05-06,648.24,INR,Purchase,Failed,Online,Hyderabad,Telangana,HDFC Bank,Credit,Jaipur,Rajasthan,Sharable composite productivity,2025-05,False,True
TXN000000486,CARD000082,C000044,M000042,Mahajan Inc,Fashion,2026-05-23,8916.86,INR,Purchase,Pending,EMV,Delhi,Delhi,HDFC Bank,Credit,Jaipur,Rajasthan,Total intangible hardware,2026-05,False,False
TXN000000487,CARD000082,C000044,M000088,Manda-Borra,Travel,2026-05-09,9837.71,INR,Purchase,Pending,Chip,Bengaluru,Karnataka,HDFC Bank,Credit,Jaipur,Rajasthan,Balanced stable knowledge user,2026-05,False,False
TXN000000488,CARD000082,C000044,M000034,"Kala, Rege and Narula",Electronics,2025-06-07,8660.23,INR,Purchase,Completed,EMV,Delhi,Delhi,HDFC Bank,Credit,Jaipur,Rajasthan,Managed exuding flexibility,2025-06,True,False
TXN000000489,CARD000082,C000044,M000027,"Dasgupta, Padmanabhan and Mahajan",Online Services,2026-06-04,837.32,INR,Purchase,Completed,EMV,Pune,Maharashtra,HDFC Bank,Credit,Jaipur,Rajasthan,Robust local complexity,2026-06,True,False
TXN000000490,CARD000082,C000044,M000084,Joshi-Kata,Entertainment,2026-08-18,6379.77,INR,Purchase,Completed,Contactless,Delhi,Delhi,HDFC Bank,Credit,Jaipur,Rajasthan,Open-architected attitude-oriented emulation,2026-08,True,False
TXN000000491,CARD000082,C000044,M000052,"Pant, Mall and Grewal",Education,2026-09-01,1543.28,INR,Bill Payment,Completed,Online,Chennai,Tamil Nadu,HDFC Bank,Credit,Jaipur,Rajasthan,Streamlined 6thgeneration productivity,2026-09,True,False
TXN000000492,CARD000083,C000045,M000029,Dhillon-Chada,Electronics,2025-07-28,2640.05,INR,Refund,Completed,Contactless,Pune,Maharashtra,HDFC Bank,Credit,Ahmedabad,Gujarat,Team-oriented stable conglomeration,2025-07,True,False
TXN000000493,CARD000083,C000045,M000097,Sanghvi-Parmer,Health & Wellness,2025-09-11,2825.68,INR,Merchant Payment,Failed,Online,Chennai,Tamil Nadu,HDFC Bank,Credit,Ahmedabad,Gujarat,Centralized encompassing conglomeration,2025-09,False,True
TXN000000494,CARD000084,C000045,M000063,Chatterjee-Borde,Retail,2026-09-26,729.24,INR,Purchase,Completed,Chip,Mumbai,Maharashtra,Axis Bank,Credit,Ahmedabad,Gujarat,Secured holistic parallelism,2026-09,True,False
TXN000000495,CARD000085,C000045,M000063,Chatterjee-Borde,Retail,2026-09-16,267.91,INR,Purchase,Completed,Contactless,Mumbai,Maharashtra,Kotak Mahindra Bank,Credit,Ahmedabad,Gujarat,Synergistic coherent paradigm,2026-09,True,False
TXN000000496,CARD000086,C000046,M000016,Bala-Natarajan,Travel,2025-08-02,7646.1,INR,Purchase,Pending,Contactless,Mumbai,Maharashtra,Axis Bank,Debit,Chennai,Tamil Nadu,Profound human-resource framework,2025-08,False,False
TXN000000497,CARD000086,C000046,M000075,Keer Inc,Restaurants,2025-09-18,1160.72,INR,Purchase,Completed,Chip,Hyderabad,Telangana,Axis Bank,Debit,Chennai,Tamil Nadu,Devolved background archive,2025-09,True,False
TXN000000498,CARD000086,C000046,M000094,Raju Ltd,Electronics,2026-05-30,3113.26,INR,Refund,Completed,Chip,Kolkata,West Bengal,Axis Bank,Debit,Chennai,Tamil Nadu,Advanced hybrid encryption,2026-05,True,False
TXN000000499,CARD000088,C000048,M000082,"Bobal, Pai and Luthra",Grocery,2026-03-27,2269.4,INR,Purchase,Completed,ATM,Kolkata,West Bengal,Axis Bank,Debit,Hyderabad,Telangana,Inverse logistical installation,2026-03,True,False
TXN000000500,CARD000089,C000048,M000007,"Chowdhury, Nagar and Nanda",Online Services,2026-09-06,5794.89,INR,Purchase,Pending,Online,Kolkata,West Bengal,Kotak Mahindra Bank,Debit,Hyderabad,Telangana,Grass-roots mission-critical customer loyalty,2026-09,False,False
TXN000000501,CARD000089,C000048,M000088,Manda-Borra,Travel,2026-04-25,5155.77,INR,Bill Payment,Completed,Contactless,Bengaluru,Karnataka,Kotak Mahindra Bank,Debit,Hyderabad,Telangana,Centralized needs-based monitoring,2026-04,True,False
TXN000000502,CARD000090,C000048,M000011,Krishnamurthy and Sons,Online Services,2026-02-02,3361.18,INR,Purchase,Completed,EMV,Bengaluru,Karnataka,ICICI Bank,Credit,Hyderabad,Telangana,Quality-focused real-time success,2026-02,True,False
TXN000000503,CARD000090,C000048,M000081,"Madan, Balan and Bahl",Travel,2026-09-17,5243.38,INR,Purchase,Failed,EMV,Mumbai,Maharashtra,ICICI Bank,Credit,Hyderabad,Telangana,Ergonomic multi-state capacity,2026-09,False,True
TXN000000504,CARD000090,C000048,M000014,Karnik-Walla,Electronics,2026-08-04,9063.18,INR,Purchase,Completed,Online,Kolkata,West Bengal,ICICI Bank,Credit,Hyderabad,Telangana,Synergized systematic complexity,2026-08,True,False
TXN000000505,CARD000090,C000048,M000025,Peri-Sagar,Online Services,2025-05-23,5747.72,INR,Purchase,Completed,Chip,Lucknow,Uttar Pradesh,ICICI Bank,Credit,Hyderabad,Telangana,Integrated zero administration function,2025-05,True,False
TXN000000506,CARD000090,C000048,M000063,Chatterjee-Borde,Retail,2025-09-11,671.54,INR,Refund,Completed,Contactless,Mumbai,Maharashtra,ICICI Bank,Credit,Hyderabad,Telangana,Face-to-face impactful open architecture,2025-09,True,False
TXN000000507,CARD000091,C000049,M000038,Gill-Kapur,Entertainment,2025-10-18,5506.85,INR,Refund,Completed,Online,Delhi,Delhi,HDFC Bank,Debit,Chennai,Tamil Nadu,Distributed radical customer loyalty,2025-10,True,False
TXN000000508,CARD000091,C000049,M000019,Sundaram LLC,Health & Wellness,2026-07-24,3189.59,INR,Purchase,Failed,Online,Pune,Maharashtra,HDFC Bank,Debit,Chennai,Tamil Nadu,Polarized reciprocal paradigm,2026-07,False,True
TXN000000509,CARD000092,C000049,M000060,"Gala, Balan and Ramanathan",Fashion,2026-03-25,676.11,INR,Refund,Completed,Contactless,Kolkata,West Bengal,HDFC Bank,Credit,Chennai,Tamil Nadu,Optimized intermediate pricing structure,2026-03,True,False
TXN000000510,CARD000092,C000049,M000004,"Bhargava, Sant and Bava",Electronics,2025-11-17,9671.33,INR,Purchase,Disputed,Chip,Chennai,Tamil Nadu,HDFC Bank,Credit,Chennai,Tamil Nadu,Expanded attitude-oriented application,2025-11,False,False
TXN000000511,CARD000092,C000049,M000055,Bala LLC,Grocery,2025-04-17,1113.72,INR,Purchase,Disputed,EMV,Delhi,Delhi,HDFC Bank,Credit,Chennai,Tamil Nadu,Distributed logistical installation,2025-04,False,False
TXN000000512,CARD000092,C000049,M000051,"Hegde, Choudhury and Shenoy",Retail,2025-09-19,348.24,INR,Purchase,Completed,Online,Chennai,Tamil Nadu,HDFC Bank,Credit,Chennai,Tamil Nadu,Face-to-face clear-thinking functionalities,2025-09,True,False
TXN000000513,CARD000092,C000049,M000013,"Bora, Mukherjee and Rajagopal",Retail,2025-09-26,2609.89,INR,Purchase,Completed,Online,Delhi,Delhi,HDFC Bank,Credit,Chennai,Tamil Nadu,Virtual 4thgeneration firmware,2025-09,True,False
TXN000000514,CARD000092,C000049,M000029,Dhillon-Chada,Electronics,2025-11-18,9372.94,INR,Purchase,Completed,Online,Pune,Maharashtra,HDFC Bank,Credit,Chennai,Tamil Nadu,Re-engineered upward-trending help-desk,2025-11,True,False
TXN000000515,CARD000092,C000049,M000024,"Balasubramanian, Khanna and Sani",Restaurants,2025-05-26,882.04,INR,Purchase,Completed,Online,Hyderabad,Telangana,HDFC Bank,Credit,Chennai,Tamil Nadu,Secured even-keeled orchestration,2025-05,True,False
TXN000000516,CARD000092,C000049,M000049,Nayak PLC,Travel,2026-02-03,8066.46,INR,Purchase,Completed,Contactless,Mumbai,Maharashtra,HDFC Bank,Credit,Chennai,Tamil Nadu,Total client-driven orchestration,2026-02,True,False
TXN000000517,CARD000092,C000049,M000095,Sehgal-Bali,Education,2025-06-03,4287.79,INR,Merchant Payment,Completed,Online,Chennai,Tamil Nadu,HDFC Bank,Credit,Chennai,Tamil Nadu,Proactive background product,2025-06,True,False
TXN000000518,CARD000092,C000049,M000070,Kala-Borah,Fashion,2026-05-30,8026.9,INR,Purchase,Completed,EMV,Delhi,Delhi,HDFC Bank,Credit,Chennai,Tamil Nadu,Assimilated tangible alliance,2026-05,True,False
TXN000000519,CARD000092,C000049,M000049,Nayak PLC,Travel,2026-08-11,9631.17,INR,Purchase,Completed,Online,Mumbai,Maharashtra,HDFC Bank,Credit,Chennai,Tamil Nadu,Intuitive impactful functionalities,2026-08,True,False
TXN000000520,CARD000093,C000050,M000001,"Andra, Chaudhry and Dugar",Education,2026-01-26,3602.11,INR,Purchase,Completed,Contactless,Kolkata,West Bengal,ICICI Bank,Credit,Mumbai,Maharashtra,Function-based transitional productivity,2026-01,True,False
TXN000000521,CARD000093,C000050,M000019,Sundaram LLC,Health & Wellness,2026-05-19,884.54,INR,Purchase,Completed,Contactless,Pune,Maharashtra,ICICI Bank,Credit,Mumbai,Maharashtra,Adaptive didactic budgetary management,2026-05,True,False
TXN000000522,CARD000093,C000050,M000082,"Bobal, Pai and Luthra",Grocery,2026-05-24,2468.07,INR,Purchase,Pending,Contactless,Kolkata,West Bengal,ICICI Bank,Credit,Mumbai,Maharashtra,Optional executive encoding,2026-05,False,False
TXN000000523,CARD000093,C000050,M000094,Raju Ltd,Electronics,2025-10-03,839.66,INR,Purchase,Pending,Chip,Kolkata,West Bengal,ICICI Bank,Credit,Mumbai,Maharashtra,Synergized bi-directional superstructure,2025-10,False,False
TXN000000524,CARD000093,C000050,M000047,Raval and Sons,Health & Wellness,2026-07-05,5524.49,INR,Purchase,Completed,Contactless,Kolkata,West Bengal,ICICI Bank,Credit,Mumbai,Maharashtra,Cross-group bi-directional migration,2026-07,True,False
TXN000000525,CARD000093,C000050,M000069,Sarraf Ltd,Retail,2026-06-16,149.6,INR,Purchase,Completed,Online,Jaipur,Rajasthan,ICICI Bank,Credit,Mumbai,Maharashtra,Up-sized cohesive groupware,2026-06,True,False
TXN000000526,CARD000094,C000050,M000086,"Barad, Keer and Behl",Entertainment,2026-04-01,5487.93,INR,Purchase,Completed,Chip,Lucknow,Uttar Pradesh,ICICI Bank,Credit,Mumbai,Maharashtra,Re-contextualized motivating data-warehouse,2026-04,True,False
TXN000000527,CARD000094,C000050,M000096,"Goyal, Chahal and Sachdeva",Grocery,2025-06-07,605.06,INR,Merchant Payment,Completed,Online,Hyderabad,Telangana,ICICI Bank,Credit,Mumbai,Maharashtra,User-centric dynamic utilization,2025-06,True,False
TXN000000528,CARD000095,C000050,M000049,Nayak PLC,Travel,2026-03-21,434.78,INR,Refund,Completed,Online,Mumbai,Maharashtra,Axis Bank,Debit,Mumbai,Maharashtra,Function-based uniform extranet,2026-03,True,False
TXN000000529,CARD000096,C000051,M000091,Dhaliwal-Pandey,Health & Wellness,2026-01-09,2529.07,INR,Purchase,Failed,Contactless,Hyderabad,Telangana,HDFC Bank,Debit,Chennai,Tamil Nadu,Down-sized high-level core,2026-01,False,True
TXN000000530,CARD000096,C000051,M000039,Chaudhuri-Om,Education,2025-07-25,3604.59,INR,Purchase,Completed,Online,Bengaluru,Karnataka,HDFC Bank,Debit,Chennai,Tamil Nadu,Programmable local project,2025-07,True,False
TXN000000531,CARD000096,C000051,M000017,Sidhu-Yogi,Retail,2026-03-31,414.48,INR,Purchase,Failed,Chip,Chennai,Tamil Nadu,HDFC Bank,Debit,Chennai,Tamil Nadu,Progressive zero-defect knowledgebase,2026-03,False,True
TXN000000532,CARD000096,C000051,M000038,Gill-Kapur,Entertainment,2026-08-13,666.11,INR,Refund,Completed,Contactless,Delhi,Delhi,HDFC Bank,Debit,Chennai,Tamil Nadu,Function-based zero administration conglomeration,2026-08,True,False
TXN000000533,CARD000096,C000051,M000077,Boase and Sons,Grocery,2025-09-21,2073.45,INR,Purchase,Completed,Contactless,Bengaluru,Karnataka,HDFC Bank,Debit,Chennai,Tamil Nadu,Balanced zero-defect product,2025-09,True,False
TXN000000534,CARD000096,C000051,M000072,Jani and Sons,Electronics,2026-04-22,5639.49,INR,Purchase,Pending,Online,Lucknow,Uttar Pradesh,HDFC Bank,Debit,Chennai,Tamil Nadu,Expanded 4thgeneration focus group,2026-04,False,False
TXN000000535,CARD000096,C000051,M000074,"Halder, Oommen and Varty",Travel,2026-08-11,9636.29,INR,Purchase,Completed,ATM,Lucknow,Uttar Pradesh,HDFC Bank,Debit,Chennai,Tamil Nadu,Synergistic cohesive attitude,2026-08,True,False
TXN000000536,CARD000096,C000051,M000019,Sundaram LLC,Health & Wellness,2025-08-13,5016.2,INR,Refund,Disputed,ATM,Pune,Maharashtra,HDFC Bank,Debit,Chennai,Tamil Nadu,Assimilated scalable Local Area Network,2025-08,False,False
TXN000000537,CARD000096,C000051,M000078,Gupta-Shetty,Grocery,2026-01-05,3249.73,INR,Purchase,Completed,Contactless,Bengaluru,Karnataka,HDFC Bank,Debit,Chennai,Tamil Nadu,Grass-roots bi-directional solution,2026-01,True,False
TXN000000538,CARD000096,C000051,M000053,Dhingra Inc,Education,2026-03-05,824.94,INR,Purchase,Completed,Contactless,Bengaluru,Karnataka,HDFC Bank,Debit,Chennai,Tamil Nadu,Balanced radical matrices,2026-03,True,False
TXN000000539,CARD000096,C000051,M000044,"Sem, Ray and Ganesh",Health & Wellness,2026-03-04,1686.7,INR,Merchant Payment,Completed,Contactless,Bengaluru,Karnataka,HDFC Bank,Debit,Chennai,Tamil Nadu,Managed maximized superstructure,2026-03,True,False
TXN000000540,CARD000096,C000051,M000035,Ghose and Sons,Retail,2026-07-25,2195.11,INR,Purchase,Disputed,Chip,Bengaluru,Karnataka,HDFC Bank,Debit,Chennai,Tamil Nadu,Synergized 4thgeneration ability,2026-07,False,False
TXN000000541,CARD000096,C000051,M000055,Bala LLC,Grocery,2026-01-19,2235.81,INR,Purchase,Failed,Online,Delhi,Delhi,HDFC Bank,Debit,Chennai,Tamil Nadu,Fully-configurable motivating solution,2026-01,False,True
TXN000000542,CARD000097,C000052,M000072,Jani and Sons,Electronics,2025-11-02,5171.74,INR,Purchase,Completed,ATM,Lucknow,Uttar Pradesh,Kotak Mahindra Bank,Debit,Hyderabad,Telangana,Synergistic responsive task-force,2025-11,True,False
TXN000000543,CARD000097,C000052,M000084,Joshi-Kata,Entertainment,2025-07-26,1883.23,INR,Refund,Pending,Online,Delhi,Delhi,Kotak Mahindra Bank,Debit,Hyderabad,Telangana,User-friendly actuating neural-net,2025-07,False,False
TXN000000544,CARD000097,C000052,M000032,Chand-Bajaj,Grocery,2025-12-06,2549.59,INR,Purchase,Completed,Contactless,Bengaluru,Karnataka,Kotak Mahindra Bank,Debit,Hyderabad,Telangana,Business-focused methodical knowledge user,2025-12,True,False
TXN000000545,CARD000097,C000052,M000012,Kade Ltd,Health & Wellness,2025-11-26,1239.89,INR,Purchase,Pending,Contactless,Delhi,Delhi,Kotak Mahindra Bank,Debit,Hyderabad,Telangana,Cross-group needs-based pricing structure,2025-11,False,False
TXN000000546,CARD000097,C000052,M000025,Peri-Sagar,Online Services,2026-08-08,1018.68,INR,Refund,Completed,Contactless,Lucknow,Uttar Pradesh,Kotak Mahindra Bank,Debit,Hyderabad,Telangana,Multi-layered dedicated frame,2026-08,True,False
TXN000000547,CARD000097,C000052,M000071,Contractor-Dayal,Grocery,2025-09-28,2016.79,INR,Merchant Payment,Pending,ATM,Delhi,Delhi,Kotak Mahindra Bank,Debit,Hyderabad,Telangana,Innovative regional secured line,2025-09,False,False
TXN000000548,CARD000097,C000052,M000083,Wason Ltd,Entertainment,2025-09-21,4860.64,INR,Purchase,Completed,ATM,Mumbai,Maharashtra,Kotak Mahindra Bank,Debit,Hyderabad,Telangana,Multi-layered heuristic solution,2025-09,True,False
TXN000000549,CARD000097,C000052,M000041,Patla-Anand,Travel,2026-01-19,4508.06,INR,Purchase,Refunded,Chip,Bengaluru,Karnataka,Kotak Mahindra Bank,Debit,Hyderabad,Telangana,Business-focused even-keeled function,2026-01,False,False
TXN000000550,CARD000097,C000052,M000052,"Pant, Mall and Grewal",Education,2026-05-25,5324.65,INR,Purchase,Completed,Online,Chennai,Tamil Nadu,Kotak Mahindra Bank,Debit,Hyderabad,Telangana,Multi-lateral solution-oriented open architecture,2026-05,True,False
TXN000000551,CARD000097,C000052,M000095,Sehgal-Bali,Education,2025-10-04,3821.78,INR,Wallet Top-up,Refunded,ATM,Chennai,Tamil Nadu,Kotak Mahindra Bank,Debit,Hyderabad,Telangana,Inverse web-enabled installation,2025-10,False,False
TXN000000552,CARD000097,C000052,M000006,"Pai, Sawhney and Chad",Travel,2026-01-24,5447.04,INR,Refund,Completed,Online,Jaipur,Rajasthan,Kotak Mahindra Bank,Debit,Hyderabad,Telangana,Adaptive clear-thinking function,2026-01,True,False
TXN000000553,CARD000098,C000053,M000002,Char-Sood,Grocery,2026-09-14,216.72,INR,Purchase,Completed,Contactless,Bengaluru,Karnataka,Axis Bank,Debit,Kolkata,West Bengal,Focused foreground time-frame,2026-09,True,False
TXN000000554,CARD000098,C000053,M000064,"Sandal, Sami and Kanda",Retail,2026-01-02,1237.28,INR,Bill Payment,Completed,Online,Delhi,Delhi,Axis Bank,Debit,Kolkata,West Bengal,Synergistic zero administration groupware,2026-01,True,False
TXN000000555,CARD000098,C000053,M000064,"Sandal, Sami and Kanda",Retail,2025-05-20,2045.48,INR,Bill Payment,Completed,Online,Delhi,Delhi,Axis Bank,Debit,Kolkata,West Bengal,Sharable value-added superstructure,2025-05,True,False
TXN000000556,CARD000098,C000053,M000039,Chaudhuri-Om,Education,2025-12-16,2538.44,INR,Purchase,Completed,Online,Bengaluru,Karnataka,Axis Bank,Debit,Kolkata,West Bengal,Ergonomic holistic encryption,2025-12,True,False
TXN000000557,CARD000099,C000054,M000080,Krishnamurthy LLC,Online Services,2025-11-10,1759.96,INR,Refund,Completed,Contactless,Chennai,Tamil Nadu,State Bank of India,Debit,Hyderabad,Telangana,Centralized 3rdgeneration product,2025-11,True,False
TXN000000558,CARD000099,C000054,M000068,Padmanabhan Group,Fashion,2026-07-07,8768.13,INR,Purchase,Completed,ATM,Bengaluru,Karnataka,State Bank of India,Debit,Hyderabad,Telangana,Customer-focused asynchronous help-desk,2026-07,True,False
TXN000000559,CARD000099,C000054,M000060,"Gala, Balan and Ramanathan",Fashion,2026-09-27,1114.06,INR,Refund,Completed,Chip,Kolkata,West Bengal,State Bank of India,Debit,Hyderabad,Telangana,Persevering encompassing productivity,2026-09,True,False
TXN000000560,CARD000099,C000054,M000009,Mani-Babu,Travel,2026-07-28,3316.5,INR,Purchase,Completed,Online,Pune,Maharashtra,State Bank of India,Debit,Hyderabad,Telangana,Re-engineered maximized framework,2026-07,True,False
TXN000000561,CARD000099,C000054,M000100,"Banik, Raman and Sarma",Travel,2025-04-21,8356.52,INR,Purchase,Failed,ATM,Hyderabad,Telangana,State Bank of India,Debit,Hyderabad,Telangana,Multi-tiered neutral capability,2025-04,False,True
TXN000000562,CARD000099,C000054,M000099,Cheema-Dugar,Online Services,2026-06-09,2575.82,INR,Refund,Pending,Online,Hyderabad,Telangana,State Bank of India,Debit,Hyderabad,Telangana,Networked clear-thinking projection,2026-06,False,False
TXN000000563,CARD000099,C000054,M000016,Bala-Natarajan,Travel,2026-08-24,1843.64,INR,Purchase,Completed,Chip,Mumbai,Maharashtra,State Bank of India,Debit,Hyderabad,Telangana,Team-oriented encompassing approach,2026-08,True,False
TXN000000564,CARD000099,C000054,M000007,"Chowdhury, Nagar and Nanda",Online Services,2026-06-21,5733.62,INR,Purchase,Completed,Contactless,Kolkata,West Bengal,State Bank of India,Debit,Hyderabad,Telangana,Open-source incremental hardware,2026-06,True,False
TXN000000565,CARD000099,C000054,M000036,Patla-Date,Grocery,2026-07-16,2985.61,INR,Wallet Top-up,Completed,Online,Delhi,Delhi,State Bank of India,Debit,Hyderabad,Telangana,Switchable high-level protocol,2026-07,True,False
TXN000000566,CARD000099,C000054,M000012,Kade Ltd,Health & Wellness,2026-09-10,3656.91,INR,Purchase,Completed,Contactless,Delhi,Delhi,State Bank of India,Debit,Hyderabad,Telangana,Optimized 6thgeneration standardization,2026-09,True,False
TXN000000567,CARD000099,C000054,M000018,Guha Group,Retail,2025-12-17,331.36,INR,Bill Payment,Completed,Contactless,Kolkata,West Bengal,State Bank of India,Debit,Hyderabad,Telangana,Reactive actuating data-warehouse,2025-12,True,False
TXN000000568,CARD000099,C000054,M000065,Basu Group,Online Services,2026-01-14,1296.97,INR,Purchase,Completed,Online,Chennai,Tamil Nadu,State Bank of India,Debit,Hyderabad,Telangana,Multi-channeled motivating capability,2026-01,True,False
TXN000000569,CARD000099,C000054,M000070,Kala-Borah,Fashion,2025-04-24,9419.15,INR,Purchase,Completed,Online,Delhi,Delhi,State Bank of India,Debit,Hyderabad,Telangana,Switchable system-worthy architecture,2025-04,True,False
TXN000000570,CARD000099,C000054,M000013,"Bora, Mukherjee and Rajagopal",Retail,2025-11-01,2160.28,INR,Purchase,Failed,Online,Delhi,Delhi,State Bank of India,Debit,Hyderabad,Telangana,Optimized object-oriented protocol,2025-11,False,True
TXN000000571,CARD000099,C000054,M000030,"Varty, Rout and Banerjee",Retail,2026-01-28,2802.28,INR,Bill Payment,Pending,ATM,Lucknow,Uttar Pradesh,State Bank of India,Debit,Hyderabad,Telangana,Streamlined object-oriented standardization,2026-01,False,False
TXN000000572,CARD000099,C000054,M000079,"Agarwal, Dalal and Krishnamurthy",Fashion,2026-06-01,1769.68,INR,Wallet Top-up,Completed,Contactless,Delhi,Delhi,State Bank of India,Debit,Hyderabad,Telangana,Up-sized clear-thinking capacity,2026-06,True,False
TXN000000573,CARD000099,C000054,M000038,Gill-Kapur,Entertainment,2025-06-28,9517.49,INR,Wallet Top-up,Completed,Chip,Delhi,Delhi,State Bank of India,Debit,Hyderabad,Telangana,Synergized eco-centric moratorium,2025-06,True,False
TXN000000574,CARD000099,C000054,M000050,Aggarwal-Sule,Education,2025-10-03,4979.59,INR,Purchase,Completed,Contactless,Jaipur,Rajasthan,State Bank of India,Debit,Hyderabad,Telangana,Persevering 4thgeneration portal,2025-10,True,False
TXN000000575,CARD000100,C000055,M000018,Guha Group,Retail,2026-04-16,2081.05,INR,Purchase,Completed,Contactless,Kolkata,West Bengal,State Bank of India,Debit,Delhi,Delhi,Exclusive static encoding,2026-04,True,False
TXN000000576,CARD000100,C000055,M000088,Manda-Borra,Travel,2025-08-29,5998.34,INR,Purchase,Completed,ATM,Bengaluru,Karnataka,State Bank of India,Debit,Delhi,Delhi,Virtual client-server architecture,2025-08,True,False
TXN000000577,CARD000100,C000055,M000099,Cheema-Dugar,Online Services,2026-04-23,3151.43,INR,Refund,Pending,Contactless,Hyderabad,Telangana,State Bank of India,Debit,Delhi,Delhi,Synchronized systematic capacity,2026-04,False,False
TXN000000578,CARD000103,C000057,M000026,"Ray, Saraf and Barad",Education,2026-06-06,5000.35,INR,Purchase,Completed,EMV,Jaipur,Rajasthan,State Bank of India,Credit,Hyderabad,Telangana,Re-engineered coherent data-warehouse,2026-06,True,False
TXN000000579,CARD000103,C000057,M000001,"Andra, Chaudhry and Dugar",Education,2026-02-16,1988.17,INR,Purchase,Completed,Contactless,Kolkata,West Bengal,State Bank of India,Credit,Hyderabad,Telangana,Adaptive full-range moderator,2026-02,True,False
TXN000000580,CARD000106,C000059,M000095,Sehgal-Bali,Education,2025-06-19,4991.49,INR,Purchase,Completed,Online,Chennai,Tamil Nadu,Kotak Mahindra Bank,Debit,Hyderabad,Telangana,Self-enabling 5thgeneration definition,2025-06,True,False
TXN000000581,CARD000106,C000059,M000010,Lall-Ravel,Electronics,2026-05-20,484.82,INR,Refund,Completed,Contactless,Mumbai,Maharashtra,Kotak Mahindra Bank,Debit,Hyderabad,Telangana,Visionary reciprocal product,2026-05,True,False
TXN000000582,CARD000106,C000059,M000073,Bava-Bobal,Online Services,2025-11-05,3956.46,INR,Purchase,Completed,Chip,Jaipur,Rajasthan,Kotak Mahindra Bank,Debit,Hyderabad,Telangana,Distributed needs-based superstructure,2025-11,True,False
TXN000000583,CARD000106,C000059,M000044,"Sem, Ray and Ganesh",Health & Wellness,2026-08-19,812.21,INR,Purchase,Completed,ATM,Bengaluru,Karnataka,Kotak Mahindra Bank,Debit,Hyderabad,Telangana,Ameliorated user-facing success,2026-08,True,False
TXN000000584,CARD000106,C000059,M000030,"Varty, Rout and Banerjee",Retail,2026-08-15,3170.97,INR,Purchase,Failed,Contactless,Lucknow,Uttar Pradesh,Kotak Mahindra Bank,Debit,Hyderabad,Telangana,Synchronized didactic database,2026-08,False,True
TXN000000585,CARD000106,C000059,M000090,Kara-Sahota,Grocery,2025-07-13,1823.23,INR,Purchase,Completed,Chip,Ahmedabad,Gujarat,Kotak Mahindra Bank,Debit,Hyderabad,Telangana,Quality-focused demand-driven standardization,2025-07,True,False
TXN000000586,CARD000106,C000059,M000041,Patla-Anand,Travel,2025-11-21,9044.36,INR,Purchase,Completed,Online,Bengaluru,Karnataka,Kotak Mahindra Bank,Debit,Hyderabad,Telangana,Intuitive maximized product,2025-11,True,False
TXN000000587,CARD000106,C000059,M000068,Padmanabhan Group,Fashion,2025-11-14,6801.14,INR,Bill Payment,Completed,Online,Bengaluru,Karnataka,Kotak Mahindra Bank,Debit,Hyderabad,Telangana,Horizontal value-added knowledgebase,2025-11,True,False
TXN000000588,CARD000106,C000059,M000007,"Chowdhury, Nagar and Nanda",Online Services,2026-09-03,3377.42,INR,Purchase,Completed,ATM,Kolkata,West Bengal,Kotak Mahindra Bank,Debit,Hyderabad,Telangana,Focused tertiary benchmark,2026-09,True,False
TXN000000589,CARD000106,C000059,M000041,Patla-Anand,Travel,2025-08-20,1130.07,INR,Purchase,Completed,Online,Bengaluru,Karnataka,Kotak Mahindra Bank,Debit,Hyderabad,Telangana,Integrated global throughput,2025-08,True,False
TXN000000590,CARD000106,C000059,M000071,Contractor-Dayal,Grocery,2026-01-29,2675.18,INR,Purchase,Completed,Online,Delhi,Delhi,Kotak Mahindra Bank,Debit,Hyderabad,Telangana,Fundamental disintermediate alliance,2026-01,True,False
TXN000000591,CARD000106,C000059,M000044,"Sem, Ray and Ganesh",Health & Wellness,2025-11-13,4237.52,INR,Merchant Payment,Refunded,Chip,Bengaluru,Karnataka,Kotak Mahindra Bank,Debit,Hyderabad,Telangana,Operative dedicated contingency,2025-11,False,False
TXN000000592,CARD000106,C000059,M000032,Chand-Bajaj,Grocery,2025-08-30,243.57,INR,Merchant Payment,Completed,Chip,Bengaluru,Karnataka,Kotak Mahindra Bank,Debit,Hyderabad,Telangana,Polarized even-keeled initiative,2025-08,True,False
TXN000000593,CARD000106,C000059,M000032,Chand-Bajaj,Grocery,2026-09-19,114.61,INR,Purchase,Completed,ATM,Bengaluru,Karnataka,Kotak Mahindra Bank,Debit,Hyderabad,Telangana,Stand-alone bandwidth-monitored circuit,2026-09,True,False
TXN000000594,CARD000106,C000059,M000073,Bava-Bobal,Online Services,2026-09-19,3719.3,INR,Purchase,Completed,Online,Jaipur,Rajasthan,Kotak Mahindra Bank,Debit,Hyderabad,Telangana,Function-based composite utilization,2026-09,True,False
TXN000000595,CARD000106,C000059,M000019,Sundaram LLC,Health & Wellness,2025-12-17,2927.33,INR,Purchase,Completed,Chip,Pune,Maharashtra,Kotak Mahindra Bank,Debit,Hyderabad,Telangana,Up-sized empowering attitude,2025-12,True,False
TXN000000596,CARD000106,C000059,M000017,Sidhu-Yogi,Retail,2025-08-02,1113.59,INR,Purchase,Refunded,Contactless,Chennai,Tamil Nadu,Kotak Mahindra Bank,Debit,Hyderabad,Telangana,Networked heuristic alliance,2025-08,False,False
TXN000000597,CARD000107,C000059,M000082,"Bobal, Pai and Luthra",Grocery,2025-12-29,756.7,INR,Refund,Completed,EMV,Kolkata,West Bengal,HDFC Bank,Credit,Hyderabad,Telangana,Down-sized clear-thinking instruction set,2025-12,True,False
TXN000000598,CARD000107,C000059,M000083,Wason Ltd,Entertainment,2025-09-27,2644.56,INR,Purchase,Completed,Chip,Mumbai,Maharashtra,HDFC Bank,Credit,Hyderabad,Telangana,Ameliorated contextually-based installation,2025-09,True,False
TXN000000599,CARD000108,C000060,M000062,Buch-Lad,Grocery,2025-09-16,628.85,INR,Refund,Completed,Online,Chennai,Tamil Nadu,HDFC Bank,Debit,Bengaluru,Karnataka,Compatible client-server matrix,2025-09,True,False
TXN000000600,CARD000108,C000060,M000029,Dhillon-Chada,Electronics,2025-04-17,987.53,INR,Purchase,Failed,Online,Pune,Maharashtra,HDFC Bank,Debit,Bengaluru,Karnataka,Persistent asynchronous frame,2025-04,False,True
TXN000000601,CARD000108,C000060,M000053,Dhingra Inc,Education,2025-12-03,2086.51,INR,Purchase,Completed,Chip,Bengaluru,Karnataka,HDFC Bank,Debit,Bengaluru,Karnataka,Cross-platform systematic access,2025-12,True,False
TXN000000602,CARD000109,C000061,M000053,Dhingra Inc,Education,2025-08-11,579.8,INR,Purchase,Completed,EMV,Bengaluru,Karnataka,HDFC Bank,Credit,Chennai,Tamil Nadu,Persistent modular interface,2025-08,True,False
TXN000000603,CARD000109,C000061,M000006,"Pai, Sawhney and Chad",Travel,2026-08-27,4896.31,INR,Purchase,Completed,Contactless,Jaipur,Rajasthan,HDFC Bank,Credit,Chennai,Tamil Nadu,Universal context-sensitive monitoring,2026-08,True,False
TXN000000604,CARD000109,C000061,M000014,Karnik-Walla,Electronics,2026-10-04,3761.81,INR,Purchase,Completed,EMV,Kolkata,West Bengal,HDFC Bank,Credit,Chennai,Tamil Nadu,Vision-oriented national standardization,2026-10,True,False
TXN000000605,CARD000109,C000061,M000016,Bala-Natarajan,Travel,2026-07-16,9755.0,INR,Purchase,Failed,Chip,Mumbai,Maharashtra,HDFC Bank,Credit,Chennai,Tamil Nadu,Organic client-driven alliance,2026-07,False,True
TXN000000606,CARD000109,C000061,M000003,Shah-Pal,Travel,2026-06-21,3637.57,INR,Purchase,Completed,Contactless,Chennai,Tamil Nadu,HDFC Bank,Credit,Chennai,Tamil Nadu,Assimilated non-volatile project,2026-06,True,False
TXN000000607,CARD000109,C000061,M000094,Raju Ltd,Electronics,2026-05-02,7722.36,INR,Purchase,Pending,Online,Kolkata,West Bengal,HDFC Bank,Credit,Chennai,Tamil Nadu,Down-sized zero tolerance structure,2026-05,False,False
TXN000000608,CARD000109,C000061,M000036,Patla-Date,Grocery,2026-05-10,2235.09,INR,Merchant Payment,Pending,Chip,Delhi,Delhi,HDFC Bank,Credit,Chennai,Tamil Nadu,Customizable optimizing portal,2026-05,False,False
TXN000000609,CARD000109,C000061,M000088,Manda-Borra,Travel,2025-12-30,418.78,INR,Refund,Completed,Chip,Bengaluru,Karnataka,HDFC Bank,Credit,Chennai,Tamil Nadu,Down-sized logistical matrix,2025-12,True,False
TXN000000610,CARD000109,C000061,M000095,Sehgal-Bali,Education,2025-07-28,102.03,INR,Refund,Completed,Contactless,Chennai,Tamil Nadu,HDFC Bank,Credit,Chennai,Tamil Nadu,Mandatory transitional flexibility,2025-07,True,False
TXN000000611,CARD000109,C000061,M000072,Jani and Sons,Electronics,2025-08-27,5149.51,INR,Purchase,Completed,Contactless,Lucknow,Uttar Pradesh,HDFC Bank,Credit,Chennai,Tamil Nadu,Intuitive grid-enabled framework,2025-08,True,False
TXN000000612,CARD000109,C000061,M000008,"Kakar, Dayal and Ganesan",Health & Wellness,2026-02-01,870.06,INR,Purchase,Completed,Contactless,Pune,Maharashtra,HDFC Bank,Credit,Chennai,Tamil Nadu,Fundamental bifurcated definition,2026-02,True,False
TXN000000613,CARD000109,C000061,M000099,Cheema-Dugar,Online Services,2026-01-28,5182.03,INR,Purchase,Pending,Contactless,Hyderabad,Telangana,HDFC Bank,Credit,Chennai,Tamil Nadu,Secured mission-critical policy,2026-01,False,False
TXN000000614,CARD000109,C000061,M000049,Nayak PLC,Travel,2025-06-07,1114.11,INR,Purchase,Failed,EMV,Mumbai,Maharashtra,HDFC Bank,Credit,Chennai,Tamil Nadu,Realigned 5thgeneration core,2025-06,False,True
TXN000000615,CARD000109,C000061,M000056,Kaul Ltd,Health & Wellness,2025-09-05,3571.49,INR,Purchase,Completed,EMV,Lucknow,Uttar Pradesh,HDFC Bank,Credit,Chennai,Tamil Nadu,Versatile well-modulated frame,2025-09,True,False
TXN000000616,CARD000109,C000061,M000051,"Hegde, Choudhury and Shenoy",Retail,2026-02-06,2040.35,INR,Purchase,Completed,Contactless,Chennai,Tamil Nadu,HDFC Bank,Credit,Chennai,Tamil Nadu,Up-sized maximized framework,2026-02,True,False
TXN000000617,CARD000109,C000061,M000080,Krishnamurthy LLC,Online Services,2025-07-12,1173.83,INR,Purchase,Completed,Chip,Chennai,Tamil Nadu,HDFC Bank,Credit,Chennai,Tamil Nadu,Innovative bottom-line structure,2025-07,True,False
TXN000000618,CARD000109,C000061,M000043,Nadkarni Inc,Education,2025-12-25,490.16,INR,Wallet Top-up,Completed,EMV,Delhi,Delhi,HDFC Bank,Credit,Chennai,Tamil Nadu,Seamless hybrid archive,2025-12,True,False
TXN000000619,CARD000109,C000061,M000007,"Chowdhury, Nagar and Nanda",Online Services,2025-07-04,1995.76,INR,Bill Payment,Completed,Chip,Kolkata,West Bengal,HDFC Bank,Credit,Chennai,Tamil Nadu,Optional full-range framework,2025-07,True,False
TXN000000620,CARD000110,C000062,M000059,Parekh-Cherian,Fashion,2026-08-11,3485.92,INR,Purchase,Completed,Online,Bengaluru,Karnataka,Kotak Mahindra Bank,Credit,Lucknow,Uttar Pradesh,Re-contextualized systematic access,2026-08,True,False
TXN000000621,CARD000111,C000063,M000037,Sane PLC,Restaurants,2025-06-24,324.19,INR,Purchase,Refunded,Online,Jaipur,Rajasthan,Axis Bank,Debit,Chennai,Tamil Nadu,Persistent bi-directional superstructure,2025-06,False,False
TXN000000622,CARD000111,C000063,M000060,"Gala, Balan and Ramanathan",Fashion,2025-07-25,962.44,INR,Refund,Completed,Online,Kolkata,West Bengal,Axis Bank,Debit,Chennai,Tamil Nadu,Virtual exuding focus group,2025-07,True,False
TXN000000623,CARD000111,C000063,M000029,Dhillon-Chada,Electronics,2026-09-21,633.74,INR,Purchase,Completed,Online,Pune,Maharashtra,Axis Bank,Debit,Chennai,Tamil Nadu,Self-enabling leadingedge analyzer,2026-09,True,False
TXN000000624,CARD000111,C000063,M000051,"Hegde, Choudhury and Shenoy",Retail,2026-05-18,1036.02,INR,Purchase,Completed,ATM,Chennai,Tamil Nadu,Axis Bank,Debit,Chennai,Tamil Nadu,Re-engineered dedicated Local Area Network,2026-05,True,False
TXN000000625,CARD000111,C000063,M000032,Chand-Bajaj,Grocery,2025-12-19,194.87,INR,Wallet Top-up,Completed,Online,Bengaluru,Karnataka,Axis Bank,Debit,Chennai,Tamil Nadu,Ergonomic homogeneous encryption,2025-12,True,False
TXN000000626,CARD000111,C000063,M000060,"Gala, Balan and Ramanathan",Fashion,2026-03-17,4103.01,INR,Bill Payment,Completed,ATM,Kolkata,West Bengal,Axis Bank,Debit,Chennai,Tamil Nadu,Configurable optimizing product,2026-03,True,False
TXN000000627,CARD000111,C000063,M000059,Parekh-Cherian,Fashion,2025-06-05,6320.93,INR,Refund,Pending,Chip,Bengaluru,Karnataka,Axis Bank,Debit,Chennai,Tamil Nadu,Virtual methodical migration,2025-06,False,False
TXN000000628,CARD000111,C000063,M000041,Patla-Anand,Travel,2025-05-06,9095.37,INR,Wallet Top-up,Completed,Online,Bengaluru,Karnataka,Axis Bank,Debit,Chennai,Tamil Nadu,Adaptive 24hour initiative,2025-05,True,False
TXN000000629,CARD000111,C000063,M000047,Raval and Sons,Health & Wellness,2026-05-01,2450.02,INR,Purchase,Completed,Online,Kolkata,West Bengal,Axis Bank,Debit,Chennai,Tamil Nadu,Phased radical product,2026-05,True,False
TXN000000630,CARD000111,C000063,M000100,"Banik, Raman and Sarma",Travel,2026-09-14,1337.93,INR,Purchase,Completed,Online,Hyderabad,Telangana,Axis Bank,Debit,Chennai,Tamil Nadu,Digitized full-range methodology,2026-09,True,False
TXN000000631,CARD000111,C000063,M000026,"Ray, Saraf and Barad",Education,2025-10-08,3275.47,INR,Purchase,Completed,ATM,Jaipur,Rajasthan,Axis Bank,Debit,Chennai,Tamil Nadu,Realigned modular groupware,2025-10,True,False
TXN000000632,CARD000111,C000063,M000040,Mitra-Bhatnagar,Education,2026-04-21,3138.93,INR,Purchase,Completed,Online,Pune,Maharashtra,Axis Bank,Debit,Chennai,Tamil Nadu,Fully-configurable empowering ability,2026-04,True,False
TXN000000633,CARD000111,C000063,M000033,"Deshmukh, Sharma and Toor",Online Services,2026-09-08,2872.79,INR,Purchase,Completed,Chip,Hyderabad,Telangana,Axis Bank,Debit,Chennai,Tamil Nadu,Inverse multi-state conglomeration,2026-09,True,False
TXN000000634,CARD000112,C000063,M000093,Nath Inc,Travel,2026-06-30,8049.22,INR,Merchant Payment,Completed,Contactless,Hyderabad,Telangana,State Bank of India,Debit,Chennai,Tamil Nadu,Expanded multi-tasking challenge,2026-06,True,False
TXN000000635,CARD000112,C000063,M000019,Sundaram LLC,Health & Wellness,2025-12-10,3782.0,INR,Purchase,Completed,ATM,Pune,Maharashtra,State Bank of India,Debit,Chennai,Tamil Nadu,User-friendly hybrid core,2025-12,True,False
TXN000000636,CARD000113,C000064,M000033,"Deshmukh, Sharma and Toor",Online Services,2025-08-07,1862.19,INR,Purchase,Completed,EMV,Hyderabad,Telangana,HDFC Bank,Credit,Ahmedabad,Gujarat,Open-source responsive projection,2025-08,True,False
TXN000000637,CARD000113,C000064,M000083,Wason Ltd,Entertainment,2026-06-12,3341.39,INR,Purchase,Completed,EMV,Mumbai,Maharashtra,HDFC Bank,Credit,Ahmedabad,Gujarat,Proactive neutral complexity,2026-06,True,False
TXN000000638,CARD000113,C000064,M000008,"Kakar, Dayal and Ganesan",Health & Wellness,2026-08-25,791.14,INR,Purchase,Completed,Chip,Pune,Maharashtra,HDFC Bank,Credit,Ahmedabad,Gujarat,Fully-configurable empowering monitoring,2026-08,True,False
TXN000000639,CARD000113,C000064,M000043,Nadkarni Inc,Education,2025-12-30,2779.91,INR,Purchase,Pending,Chip,Delhi,Delhi,HDFC Bank,Credit,Ahmedabad,Gujarat,Decentralized cohesive approach,2025-12,False,False
TXN000000640,CARD000113,C000064,M000005,Bhattacharyya-Vala,Electronics,2025-06-22,7698.32,INR,Bill Payment,Completed,Online,Hyderabad,Telangana,HDFC Bank,Credit,Ahmedabad,Gujarat,Persevering content-based software,2025-06,True,False
TXN000000641,CARD000113,C000064,M000031,"Varma, Seth and Bora",Online Services,2025-09-04,3923.35,INR,Purchase,Completed,Contactless,Hyderabad,Telangana,HDFC Bank,Credit,Ahmedabad,Gujarat,Upgradable stable solution,2025-09,True,False
TXN000000642,CARD000113,C000064,M000037,Sane PLC,Restaurants,2025-09-12,3072.26,INR,Purchase,Completed,Contactless,Jaipur,Rajasthan,HDFC Bank,Credit,Ahmedabad,Gujarat,Open-architected hybrid framework,2025-09,True,False
TXN000000643,CARD000113,C000064,M000074,"Halder, Oommen and Varty",Travel,2026-06-19,6692.06,INR,Wallet Top-up,Completed,Contactless,Lucknow,Uttar Pradesh,HDFC Bank,Credit,Ahmedabad,Gujarat,Automated methodical capacity,2026-06,True,False
TXN000000644,CARD000113,C000064,M000097,Sanghvi-Parmer,Health & Wellness,2025-09-16,5474.0,INR,Purchase,Pending,EMV,Chennai,Tamil Nadu,HDFC Bank,Credit,Ahmedabad,Gujarat,Fundamental impactful synergy,2025-09,False,False
TXN000000645,CARD000114,C000065,M000009,Mani-Babu,Travel,2026-09-22,2298.4,INR,Refund,Completed,Contactless,Pune,Maharashtra,HDFC Bank,Debit,Ahmedabad,Gujarat,Total coherent solution,2026-09,True,False
TXN000000646,CARD000114,C000065,M000071,Contractor-Dayal,Grocery,2026-01-31,2237.15,INR,Purchase,Pending,Online,Delhi,Delhi,HDFC Bank,Debit,Ahmedabad,Gujarat,Diverse mobile flexibility,2026-01,False,False
TXN000000647,CARD000115,C000066,M000080,Krishnamurthy LLC,Online Services,2025-11-13,5385.62,INR,Refund,Pending,Online,Chennai,Tamil Nadu,ICICI Bank,Debit,Jaipur,Rajasthan,Reactive tertiary artificial intelligence,2025-11,False,False
TXN000000648,CARD000115,C000066,M000010,Lall-Ravel,Electronics,2025-11-14,4815.77,INR,Purchase,Pending,ATM,Mumbai,Maharashtra,ICICI Bank,Debit,Jaipur,Rajasthan,Optional uniform firmware,2025-11,False,False
TXN000000649,CARD000116,C000067,M000015,Subramanian-Verma,Restaurants,2025-10-16,2283.48,INR,Purchase,Completed,Contactless,Ahmedabad,Gujarat,Kotak Mahindra Bank,Debit,Chennai,Tamil Nadu,Devolved scalable encryption,2025-10,True,False
TXN000000650,CARD000116,C000067,M000002,Char-Sood,Grocery,2026-03-13,1682.84,INR,Purchase,Pending,ATM,Bengaluru,Karnataka,Kotak Mahindra Bank,Debit,Chennai,Tamil Nadu,Cross-group fresh-thinking definition,2026-03,False,False
TXN000000651,CARD000117,C000067,M000098,"Contractor, Butala and Khatri",Entertainment,2025-06-25,5382.52,INR,Purchase,Completed,Online,Pune,Maharashtra,Kotak Mahindra Bank,Credit,Chennai,Tamil Nadu,Upgradable secondary synergy,2025-06,True,False
TXN000000652,CARD000117,C000067,M000030,"Varty, Rout and Banerjee",Retail,2025-04-21,1367.46,INR,Purchase,Pending,Online,Lucknow,Uttar Pradesh,Kotak Mahindra Bank,Credit,Chennai,Tamil Nadu,Team-oriented needs-based encoding,2025-04,False,False
TXN000000653,CARD000117,C000067,M000030,"Varty, Rout and Banerjee",Retail,2025-11-28,2526.9,INR,Purchase,Disputed,EMV,Lucknow,Uttar Pradesh,Kotak Mahindra Bank,Credit,Chennai,Tamil Nadu,Extended executive budgetary management,2025-11,False,False
TXN000000654,CARD000117,C000067,M000011,Krishnamurthy and Sons,Online Services,2025-09-27,2756.22,INR,Purchase,Completed,Contactless,Bengaluru,Karnataka,Kotak Mahindra Bank,Credit,Chennai,Tamil Nadu,Sharable disintermediate hub,2025-09,True,False
TXN000000655,CARD000117,C000067,M000056,Kaul Ltd,Health & Wellness,2026-01-16,4135.63,INR,Bill Payment,Failed,Contactless,Lucknow,Uttar Pradesh,Kotak Mahindra Bank,Credit,Chennai,Tamil Nadu,Digitized regional capacity,2026-01,False,True
TXN000000656,CARD000117,C000067,M000047,Raval and Sons,Health & Wellness,2026-01-12,3456.3,INR,Purchase,Completed,Chip,Kolkata,West Bengal,Kotak Mahindra Bank,Credit,Chennai,Tamil Nadu,Fully-configurable context-sensitive customer loyalty,2026-01,True,False
TXN000000657,CARD000117,C000067,M000092,"Shanker, Lalla and Bora",Fashion,2025-11-17,9896.82,INR,Purchase,Completed,Contactless,Kolkata,West Bengal,Kotak Mahindra Bank,Credit,Chennai,Tamil Nadu,Advanced uniform knowledge user,2025-11,True,False
TXN000000658,CARD000117,C000067,M000084,Joshi-Kata,Entertainment,2025-12-02,630.46,INR,Purchase,Completed,Contactless,Delhi,Delhi,Kotak Mahindra Bank,Credit,Chennai,Tamil Nadu,Visionary regional leverage,2025-12,True,False
TXN000000659,CARD000117,C000067,M000036,Patla-Date,Grocery,2026-04-28,1397.05,INR,Purchase,Pending,Chip,Delhi,Delhi,Kotak Mahindra Bank,Credit,Chennai,Tamil Nadu,Assimilated mobile instruction set,2026-04,False,False
TXN000000660,CARD000117,C000067,M000092,"Shanker, Lalla and Bora",Fashion,2025-09-13,6707.68,INR,Purchase,Pending,Online,Kolkata,West Bengal,Kotak Mahindra Bank,Credit,Chennai,Tamil Nadu,Integrated transitional throughput,2025-09,False,False
TXN000000661,CARD000117,C000067,M000014,Karnik-Walla,Electronics,2025-10-28,7025.87,INR,Purchase,Completed,Chip,Kolkata,West Bengal,Kotak Mahindra Bank,Credit,Chennai,Tamil Nadu,Down-sized radical encryption,2025-10,True,False
TXN000000662,CARD000117,C000067,M000051,"Hegde, Choudhury and Shenoy",Retail,2025-11-28,1366.9,INR,Wallet Top-up,Completed,Chip,Chennai,Tamil Nadu,Kotak Mahindra Bank,Credit,Chennai,Tamil Nadu,Multi-tiered modular data-warehouse,2025-11,True,False
TXN000000663,CARD000117,C000067,M000035,Ghose and Sons,Retail,2025-10-08,2300.37,INR,Purchase,Completed,Online,Bengaluru,Karnataka,Kotak Mahindra Bank,Credit,Chennai,Tamil Nadu,Advanced disintermediate open architecture,2025-10,True,False
TXN000000664,CARD000117,C000067,M000060,"Gala, Balan and Ramanathan",Fashion,2025-09-21,3330.48,INR,Purchase,Completed,Contactless,Kolkata,West Bengal,Kotak Mahindra Bank,Credit,Chennai,Tamil Nadu,Down-sized human-resource intranet,2025-09,True,False
TXN000000665,CARD000117,C000067,M000029,Dhillon-Chada,Electronics,2026-05-02,7798.73,INR,Wallet Top-up,Completed,Contactless,Pune,Maharashtra,Kotak Mahindra Bank,Credit,Chennai,Tamil Nadu,Grass-roots didactic benchmark,2026-05,True,False
TXN000000666,CARD000117,C000067,M000080,Krishnamurthy LLC,Online Services,2026-06-23,4875.4,INR,Purchase,Pending,EMV,Chennai,Tamil Nadu,Kotak Mahindra Bank,Credit,Chennai,Tamil Nadu,Triple-buffered 4thgeneration structure,2026-06,False,False
TXN000000667,CARD000119,C000068,M000066,"Iyengar, Ratta and Parekh",Restaurants,2025-04-27,837.87,INR,Refund,Completed,EMV,Mumbai,Maharashtra,Axis Bank,Credit,Jaipur,Rajasthan,Visionary background protocol,2025-04,True,False
TXN000000668,CARD000120,C000068,M000017,Sidhu-Yogi,Retail,2026-01-25,1764.8,INR,Purchase,Completed,Chip,Chennai,Tamil Nadu,Axis Bank,Debit,Jaipur,Rajasthan,Focused systematic neural-net,2026-01,True,False
TXN000000669,CARD000120,C000068,M000041,Patla-Anand,Travel,2026-03-22,7575.53,INR,Purchase,Completed,Online,Bengaluru,Karnataka,Axis Bank,Debit,Jaipur,Rajasthan,Exclusive secondary info-mediaries,2026-03,True,False
TXN000000670,CARD000121,C000069,M000005,Bhattacharyya-Vala,Electronics,2026-03-09,7244.58,INR,Purchase,Completed,Online,Hyderabad,Telangana,HDFC Bank,Debit,Jaipur,Rajasthan,Vision-oriented maximized array,2026-03,True,False
TXN000000671,CARD000122,C000069,M000072,Jani and Sons,Electronics,2025-09-02,9659.06,INR,Purchase,Completed,Contactless,Lucknow,Uttar Pradesh,HDFC Bank,Debit,Jaipur,Rajasthan,Monitored tangible capability,2025-09,True,False
TXN000000672,CARD000122,C000069,M000052,"Pant, Mall and Grewal",Education,2026-03-13,3025.44,INR,Purchase,Completed,Online,Chennai,Tamil Nadu,HDFC Bank,Debit,Jaipur,Rajasthan,Focused content-based Internet solution,2026-03,True,False
TXN000000673,CARD000122,C000069,M000091,Dhaliwal-Pandey,Health & Wellness,2025-09-22,349.11,INR,Bill Payment,Failed,ATM,Hyderabad,Telangana,HDFC Bank,Debit,Jaipur,Rajasthan,Multi-channeled discrete parallelism,2025-09,False,True
TXN000000674,CARD000122,C000069,M000014,Karnik-Walla,Electronics,2025-09-03,7883.86,INR,Bill Payment,Refunded,Chip,Kolkata,West Bengal,HDFC Bank,Debit,Jaipur,Rajasthan,Phased bifurcated Local Area Network,2025-09,False,False
TXN000000675,CARD000122,C000069,M000085,Sahni-Nagar,Travel,2025-07-05,1554.24,INR,Purchase,Completed,Chip,Ahmedabad,Gujarat,HDFC Bank,Debit,Jaipur,Rajasthan,Open-source bi-directional intranet,2025-07,True,False
TXN000000676,CARD000122,C000069,M000050,Aggarwal-Sule,Education,2025-07-16,1297.07,INR,Purchase,Completed,Chip,Jaipur,Rajasthan,HDFC Bank,Debit,Jaipur,Rajasthan,Function-based static algorithm,2025-07,True,False
TXN000000677,CARD000122,C000069,M000029,Dhillon-Chada,Electronics,2025-04-30,6639.75,INR,Bill Payment,Completed,Chip,Pune,Maharashtra,HDFC Bank,Debit,Jaipur,Rajasthan,Progressive disintermediate installation,2025-04,True,False
TXN000000678,CARD000122,C000069,M000006,"Pai, Sawhney and Chad",Travel,2025-09-05,6298.68,INR,Purchase,Refunded,Online,Jaipur,Rajasthan,HDFC Bank,Debit,Jaipur,Rajasthan,Balanced next generation parallelism,2025-09,False,False
TXN000000679,CARD000122,C000069,M000062,Buch-Lad,Grocery,2025-07-06,2240.18,INR,Purchase,Completed,ATM,Chennai,Tamil Nadu,HDFC Bank,Debit,Jaipur,Rajasthan,Grass-roots multimedia analyzer,2025-07,True,False
TXN000000680,CARD000122,C000069,M000081,"Madan, Balan and Bahl",Travel,2026-06-24,3882.33,INR,Bill Payment,Completed,Chip,Mumbai,Maharashtra,HDFC Bank,Debit,Jaipur,Rajasthan,Team-oriented local help-desk,2026-06,True,False
TXN000000681,CARD000122,C000069,M000025,Peri-Sagar,Online Services,2026-02-10,568.34,INR,Purchase,Completed,Contactless,Lucknow,Uttar Pradesh,HDFC Bank,Debit,Jaipur,Rajasthan,Re-engineered empowering protocol,2026-02,True,False
TXN000000682,CARD000122,C000069,M000037,Sane PLC,Restaurants,2026-06-16,373.83,INR,Refund,Completed,ATM,Jaipur,Rajasthan,HDFC Bank,Debit,Jaipur,Rajasthan,Customer-focused 6thgeneration benchmark,2026-06,True,False
TXN000000683,CARD000122,C000069,M000064,"Sandal, Sami and Kanda",Retail,2025-05-28,3289.27,INR,Purchase,Pending,Online,Delhi,Delhi,HDFC Bank,Debit,Jaipur,Rajasthan,Total responsive encryption,2025-05,False,False
TXN000000684,CARD000122,C000069,M000027,"Dasgupta, Padmanabhan and Mahajan",Online Services,2025-07-17,2327.14,INR,Purchase,Completed,Online,Pune,Maharashtra,HDFC Bank,Debit,Jaipur,Rajasthan,Triple-buffered background complexity,2025-07,True,False
TXN000000685,CARD000123,C000069,M000044,"Sem, Ray and Ganesh",Health & Wellness,2025-05-13,3209.63,INR,Purchase,Completed,Chip,Bengaluru,Karnataka,State Bank of India,Credit,Jaipur,Rajasthan,Operative leadingedge algorithm,2025-05,True,False
TXN000000686,CARD000123,C000069,M000034,"Kala, Rege and Narula",Electronics,2026-05-30,4380.68,INR,Purchase,Refunded,Online,Delhi,Delhi,State Bank of India,Credit,Jaipur,Rajasthan,Compatible disintermediate parallelism,2026-05,False,False
TXN000000687,CARD000123,C000069,M000011,Krishnamurthy and Sons,Online Services,2026-03-06,3835.65,INR,Wallet Top-up,Failed,Online,Bengaluru,Karnataka,State Bank of India,Credit,Jaipur,Rajasthan,Optimized user-facing architecture,2026-03,False,True
TXN000000688,CARD000125,C000070,M000054,Sama Ltd,Grocery,2025-10-07,3106.87,INR,Purchase,Completed,Online,Kolkata,West Bengal,State Bank of India,Credit,Delhi,Delhi,Cross-group coherent conglomeration,2025-10,True,False
TXN000000689,CARD000125,C000070,M000022,Pingle-Ramachandran,Health & Wellness,2026-05-11,5304.04,INR,Purchase,Pending,Chip,Ahmedabad,Gujarat,State Bank of India,Credit,Delhi,Delhi,Decentralized asymmetric function,2026-05,False,False
TXN000000690,CARD000125,C000070,M000050,Aggarwal-Sule,Education,2026-07-10,1024.08,INR,Purchase,Completed,Contactless,Jaipur,Rajasthan,State Bank of India,Credit,Delhi,Delhi,Stand-alone full-range encoding,2026-07,True,False
TXN000000691,CARD000125,C000070,M000073,Bava-Bobal,Online Services,2026-03-24,2091.7,INR,Merchant Payment,Failed,Online,Jaipur,Rajasthan,State Bank of India,Credit,Delhi,Delhi,Persevering client-driven product,2026-03,False,True
TXN000000692,CARD000125,C000070,M000038,Gill-Kapur,Entertainment,2025-08-31,7068.36,INR,Purchase,Completed,EMV,Delhi,Delhi,State Bank of India,Credit,Delhi,Delhi,Adaptive global help-desk,2025-08,True,False
TXN000000693,CARD000125,C000070,M000043,Nadkarni Inc,Education,2025-08-24,3928.23,INR,Purchase,Completed,Chip,Delhi,Delhi,State Bank of India,Credit,Delhi,Delhi,Triple-buffered high-level open architecture,2025-08,True,False
TXN000000694,CARD000125,C000070,M000058,"Rattan, Merchant and Mishra",Grocery,2025-06-26,642.88,INR,Purchase,Pending,Contactless,Ahmedabad,Gujarat,State Bank of India,Credit,Delhi,Delhi,Polarized secondary encryption,2025-06,False,False
TXN000000695,CARD000125,C000070,M000033,"Deshmukh, Sharma and Toor",Online Services,2025-07-06,2843.13,INR,Purchase,Pending,Chip,Hyderabad,Telangana,State Bank of India,Credit,Delhi,Delhi,Persistent radical solution,2025-07,False,False
TXN000000696,CARD000125,C000070,M000054,Sama Ltd,Grocery,2026-04-22,2065.97,INR,Bill Payment,Completed,Chip,Kolkata,West Bengal,State Bank of India,Credit,Delhi,Delhi,Operative systematic emulation,2026-04,True,False
TXN000000697,CARD000125,C000070,M000076,Lal-Madan,Retail,2026-09-11,1016.67,INR,Refund,Completed,Online,Chennai,Tamil Nadu,State Bank of India,Credit,Delhi,Delhi,Seamless uniform instruction set,2026-09,True,False
TXN000000698,CARD000125,C000070,M000032,Chand-Bajaj,Grocery,2026-05-23,1367.12,INR,Refund,Completed,Contactless,Bengaluru,Karnataka,State Bank of India,Credit,Delhi,Delhi,Profit-focused hybrid architecture,2026-05,True,False
TXN000000699,CARD000125,C000070,M000082,"Bobal, Pai and Luthra",Grocery,2025-08-09,685.89,INR,Purchase,Pending,Online,Kolkata,West Bengal,State Bank of India,Credit,Delhi,Delhi,Polarized zero-defect concept,2025-08,False,False
TXN000000700,CARD000125,C000070,M000044,"Sem, Ray and Ganesh",Health & Wellness,2026-03-26,2866.75,INR,Purchase,Completed,Contactless,Bengaluru,Karnataka,State Bank of India,Credit,Delhi,Delhi,Managed tertiary emulation,2026-03,True,False
TXN000000701,CARD000125,C000070,M000004,"Bhargava, Sant and Bava",Electronics,2025-08-14,8666.34,INR,Purchase,Disputed,EMV,Chennai,Tamil Nadu,State Bank of India,Credit,Delhi,Delhi,Multi-tiered optimal attitude,2025-08,False,False
TXN000000702,CARD000125,C000070,M000021,Balan-Bali,Restaurants,2025-11-05,2432.43,INR,Purchase,Pending,EMV,Mumbai,Maharashtra,State Bank of India,Credit,Delhi,Delhi,Profound background functionalities,2025-11,False,False
TXN000000703,CARD000127,C000071,M000091,Dhaliwal-Pandey,Health & Wellness,2026-07-12,3076.96,INR,Purchase,Completed,EMV,Hyderabad,Telangana,HDFC Bank,Credit,Delhi,Delhi,Vision-oriented modular interface,2026-07,True,False
TXN000000704,CARD000129,C000072,M000053,Dhingra Inc,Education,2026-03-15,3082.27,INR,Purchase,Completed,Contactless,Bengaluru,Karnataka,State Bank of India,Credit,Chennai,Tamil Nadu,Self-enabling didactic synergy,2026-03,True,False
TXN000000705,CARD000129,C000072,M000023,"Setty, Dalal and Mukherjee",Travel,2025-08-20,4785.93,INR,Refund,Failed,Chip,Hyderabad,Telangana,State Bank of India,Credit,Chennai,Tamil Nadu,Progressive content-based solution,2025-08,False,True
TXN000000706,CARD000129,C000072,M000035,Ghose and Sons,Retail,2026-07-18,1803.97,INR,Wallet Top-up,Completed,EMV,Bengaluru,Karnataka,State Bank of India,Credit,Chennai,Tamil Nadu,Down-sized object-oriented portal,2026-07,True,False
TXN000000707,CARD000129,C000072,M000060,"Gala, Balan and Ramanathan",Fashion,2026-03-14,8780.08,INR,Purchase,Failed,Contactless,Kolkata,West Bengal,State Bank of India,Credit,Chennai,Tamil Nadu,Profit-focused eco-centric open system,2026-03,False,True
TXN000000708,CARD000130,C000073,M000002,Char-Sood,Grocery,2025-09-05,1045.52,INR,Bill Payment,Completed,Chip,Bengaluru,Karnataka,State Bank of India,Credit,Hyderabad,Telangana,Profit-focused modular strategy,2025-09,True,False
TXN000000709,CARD000130,C000073,M000006,"Pai, Sawhney and Chad",Travel,2026-09-25,4583.65,INR,Purchase,Failed,Contactless,Jaipur,Rajasthan,State Bank of India,Credit,Hyderabad,Telangana,Multi-tiered interactive approach,2026-09,False,True
TXN000000710,CARD000130,C000073,M000006,"Pai, Sawhney and Chad",Travel,2025-06-06,1891.43,INR,Purchase,Completed,Online,Jaipur,Rajasthan,State Bank of India,Credit,Hyderabad,Telangana,Profit-focused mission-critical initiative,2025-06,True,False
TXN000000711,CARD000130,C000073,M000036,Patla-Date,Grocery,2026-08-23,1858.05,INR,Refund,Completed,Contactless,Delhi,Delhi,State Bank of India,Credit,Hyderabad,Telangana,Streamlined multimedia website,2026-08,True,False
TXN000000712,CARD000130,C000073,M000097,Sanghvi-Parmer,Health & Wellness,2026-03-13,5770.35,INR,Purchase,Pending,EMV,Chennai,Tamil Nadu,State Bank of India,Credit,Hyderabad,Telangana,Assimilated client-server software,2026-03,False,False
TXN000000713,CARD000131,C000073,M000089,Savant Ltd,Travel,2026-07-09,278.15,INR,Refund,Completed,Chip,Chennai,Tamil Nadu,State Bank of India,Credit,Hyderabad,Telangana,Robust local Graphic Interface,2026-07,True,False
TXN000000714,CARD000132,C000073,M000047,Raval and Sons,Health & Wellness,2025-12-02,2753.78,INR,Purchase,Completed,Contactless,Kolkata,West Bengal,HDFC Bank,Debit,Hyderabad,Telangana,Multi-tiered explicit attitude,2025-12,True,False
TXN000000715,CARD000132,C000073,M000009,Mani-Babu,Travel,2025-06-25,3611.47,INR,Refund,Completed,Chip,Pune,Maharashtra,HDFC Bank,Debit,Hyderabad,Telangana,Secured user-facing forecast,2025-06,True,False
TXN000000716,CARD000133,C000074,M000020,Dutta-Apte,Online Services,2026-04-12,3361.93,INR,Purchase,Failed,EMV,Ahmedabad,Gujarat,Axis Bank,Credit,Hyderabad,Telangana,User-friendly stable extranet,2026-04,False,True
TXN000000717,CARD000133,C000074,M000051,"Hegde, Choudhury and Shenoy",Retail,2025-11-24,258.98,INR,Purchase,Completed,EMV,Chennai,Tamil Nadu,Axis Bank,Credit,Hyderabad,Telangana,Reduced intangible algorithm,2025-11,True,False
TXN000000718,CARD000133,C000074,M000010,Lall-Ravel,Electronics,2026-04-07,585.87,INR,Merchant Payment,Completed,EMV,Mumbai,Maharashtra,Axis Bank,Credit,Hyderabad,Telangana,Synergized impactful standardization,2026-04,True,False
TXN000000719,CARD000133,C000074,M000049,Nayak PLC,Travel,2026-07-19,2925.37,INR,Purchase,Completed,Online,Mumbai,Maharashtra,Axis Bank,Credit,Hyderabad,Telangana,Multi-channeled multi-state monitoring,2026-07,True,False
TXN000000720,CARD000133,C000074,M000025,Peri-Sagar,Online Services,2025-09-07,5699.38,INR,Refund,Pending,Chip,Lucknow,Uttar Pradesh,Axis Bank,Credit,Hyderabad,Telangana,Self-enabling asymmetric concept,2025-09,False,False
TXN000000721,CARD000133,C000074,M000021,Balan-Bali,Restaurants,2026-04-21,2663.38,INR,Purchase,Completed,Online,Mumbai,Maharashtra,Axis Bank,Credit,Hyderabad,Telangana,Fully-configurable coherent solution,2026-04,True,False
TXN000000722,CARD000133,C000074,M000064,"Sandal, Sami and Kanda",Retail,2025-04-16,2425.53,INR,Purchase,Completed,EMV,Delhi,Delhi,Axis Bank,Credit,Hyderabad,Telangana,Digitized cohesive conglomeration,2025-04,True,False
TXN000000723,CARD000133,C000074,M000089,Savant Ltd,Travel,2026-01-27,3672.63,INR,Purchase,Completed,Online,Chennai,Tamil Nadu,Axis Bank,Credit,Hyderabad,Telangana,Synergized 3rdgeneration product,2026-01,True,False
TXN000000724,CARD000133,C000074,M000003,Shah-Pal,Travel,2026-08-06,956.88,INR,Purchase,Completed,Chip,Chennai,Tamil Nadu,Axis Bank,Credit,Hyderabad,Telangana,Quality-focused intangible architecture,2026-08,True,False
TXN000000725,CARD000133,C000074,M000030,"Varty, Rout and Banerjee",Retail,2026-03-11,189.79,INR,Purchase,Completed,Online,Lucknow,Uttar Pradesh,Axis Bank,Credit,Hyderabad,Telangana,Horizontal non-volatile groupware,2026-03,True,False
TXN000000726,CARD000133,C000074,M000060,"Gala, Balan and Ramanathan",Fashion,2025-09-21,5404.39,INR,Purchase,Completed,Contactless,Kolkata,West Bengal,Axis Bank,Credit,Hyderabad,Telangana,Balanced cohesive conglomeration,2025-09,True,False
TXN000000727,CARD000133,C000074,M000037,Sane PLC,Restaurants,2026-05-23,2001.7,INR,Bill Payment,Completed,Online,Jaipur,Rajasthan,Axis Bank,Credit,Hyderabad,Telangana,Advanced full-range extranet,2026-05,True,False
TXN000000728,CARD000133,C000074,M000012,Kade Ltd,Health & Wellness,2025-10-31,5090.23,INR,Purchase,Failed,EMV,Delhi,Delhi,Axis Bank,Credit,Hyderabad,Telangana,Diverse exuding knowledge user,2025-10,False,True
TXN000000729,CARD000133,C000074,M000081,"Madan, Balan and Bahl",Travel,2025-09-02,7012.1,INR,Merchant Payment,Completed,Contactless,Mumbai,Maharashtra,Axis Bank,Credit,Hyderabad,Telangana,Stand-alone secondary monitoring,2025-09,True,False
TXN000000730,CARD000133,C000074,M000080,Krishnamurthy LLC,Online Services,2026-02-26,3118.97,INR,Purchase,Failed,Contactless,Chennai,Tamil Nadu,Axis Bank,Credit,Hyderabad,Telangana,Managed solution-oriented throughput,2026-02,False,True
TXN000000731,CARD000133,C000074,M000047,Raval and Sons,Health & Wellness,2026-01-10,337.56,INR,Purchase,Refunded,Chip,Kolkata,West Bengal,Axis Bank,Credit,Hyderabad,Telangana,Team-oriented full-range open system,2026-01,False,False
TXN000000732,CARD000133,C000074,M000041,Patla-Anand,Travel,2025-12-11,6547.67,INR,Purchase,Pending,Contactless,Bengaluru,Karnataka,Axis Bank,Credit,Hyderabad,Telangana,Open-source clear-thinking interface,2025-12,False,False
TXN000000733,CARD000135,C000075,M000055,Bala LLC,Grocery,2026-03-16,195.33,INR,Bill Payment,Completed,Chip,Delhi,Delhi,Axis Bank,Credit,Delhi,Delhi,Managed optimizing concept,2026-03,True,False
TXN000000734,CARD000135,C000075,M000094,Raju Ltd,Electronics,2025-09-27,2864.96,INR,Refund,Pending,Chip,Kolkata,West Bengal,Axis Bank,Credit,Delhi,Delhi,Reduced fresh-thinking time-frame,2025-09,False,False
TXN000000735,CARD000136,C000075,M000032,Chand-Bajaj,Grocery,2026-02-22,1334.49,INR,Purchase,Completed,Contactless,Bengaluru,Karnataka,HDFC Bank,Credit,Delhi,Delhi,Robust coherent help-desk,2026-02,True,False
TXN000000736,CARD000137,C000076,M000029,Dhillon-Chada,Electronics,2025-04-20,9120.93,INR,Purchase,Completed,Chip,Pune,Maharashtra,HDFC Bank,Credit,Kolkata,West Bengal,Customizable multi-tasking analyzer,2025-04,True,False
TXN000000737,CARD000137,C000076,M000034,"Kala, Rege and Narula",Electronics,2026-07-28,1790.48,INR,Merchant Payment,Completed,Online,Delhi,Delhi,HDFC Bank,Credit,Kolkata,West Bengal,Decentralized value-added adapter,2026-07,True,False
TXN000000738,CARD000138,C000076,M000022,Pingle-Ramachandran,Health & Wellness,2025-06-12,1982.99,INR,Bill Payment,Completed,EMV,Ahmedabad,Gujarat,Kotak Mahindra Bank,Credit,Kolkata,West Bengal,Re-engineered system-worthy attitude,2025-06,True,False
TXN000000739,CARD000138,C000076,M000013,"Bora, Mukherjee and Rajagopal",Retail,2026-06-20,2701.58,INR,Purchase,Completed,Chip,Delhi,Delhi,Kotak Mahindra Bank,Credit,Kolkata,West Bengal,Mandatory needs-based hierarchy,2026-06,True,False
TXN000000740,CARD000138,C000076,M000030,"Varty, Rout and Banerjee",Retail,2025-11-13,532.77,INR,Purchase,Completed,Online,Lucknow,Uttar Pradesh,Kotak Mahindra Bank,Credit,Kolkata,West Bengal,Reduced system-worthy strategy,2025-11,True,False
TXN000000741,CARD000138,C000076,M000090,Kara-Sahota,Grocery,2025-10-03,1932.62,INR,Purchase,Completed,Contactless,Ahmedabad,Gujarat,Kotak Mahindra Bank,Credit,Kolkata,West Bengal,Compatible discrete policy,2025-10,True,False
TXN000000742,CARD000139,C000077,M000003,Shah-Pal,Travel,2026-07-06,4847.93,INR,Bill Payment,Completed,EMV,Chennai,Tamil Nadu,Axis Bank,Credit,Jaipur,Rajasthan,Stand-alone 5thgeneration extranet,2026-07,True,False
TXN000000743,CARD000139,C000077,M000055,Bala LLC,Grocery,2025-07-18,1457.58,INR,Refund,Failed,Contactless,Delhi,Delhi,Axis Bank,Credit,Jaipur,Rajasthan,Quality-focused composite analyzer,2025-07,False,True
TXN000000744,CARD000139,C000077,M000002,Char-Sood,Grocery,2025-09-07,245.55,INR,Bill Payment,Completed,Contactless,Bengaluru,Karnataka,Axis Bank,Credit,Jaipur,Rajasthan,Centralized modular moderator,2025-09,True,False
TXN000000745,CARD000139,C000077,M000086,"Barad, Keer and Behl",Entertainment,2026-03-01,3834.36,INR,Purchase,Completed,Online,Lucknow,Uttar Pradesh,Axis Bank,Credit,Jaipur,Rajasthan,Front-line heuristic installation,2026-03,True,False
TXN000000746,CARD000140,C000077,M000037,Sane PLC,Restaurants,2025-10-12,2383.21,INR,Wallet Top-up,Refunded,Chip,Jaipur,Rajasthan,HDFC Bank,Debit,Jaipur,Rajasthan,Operative mobile capability,2025-10,False,False
TXN000000747,CARD000141,C000077,M000099,Cheema-Dugar,Online Services,2026-06-28,4344.42,INR,Purchase,Refunded,Contactless,Hyderabad,Telangana,ICICI Bank,Debit,Jaipur,Rajasthan,Public-key composite installation,2026-06,False,False
TXN000000748,CARD000141,C000077,M000098,"Contractor, Butala and Khatri",Entertainment,2026-07-04,4025.7,INR,Wallet Top-up,Completed,Online,Pune,Maharashtra,ICICI Bank,Debit,Jaipur,Rajasthan,Seamless impactful application,2026-07,True,False
TXN000000749,CARD000141,C000077,M000036,Patla-Date,Grocery,2026-01-01,1661.18,INR,Merchant Payment,Completed,Chip,Delhi,Delhi,ICICI Bank,Debit,Jaipur,Rajasthan,Reduced actuating toolset,2026-01,True,False
TXN000000750,CARD000142,C000078,M000013,"Bora, Mukherjee and Rajagopal",Retail,2025-07-10,1511.07,INR,Wallet Top-up,Completed,Online,Delhi,Delhi,Kotak Mahindra Bank,Credit,Mumbai,Maharashtra,Optional multimedia middleware,2025-07,True,False
TXN000000751,CARD000142,C000078,M000049,Nayak PLC,Travel,2026-07-25,821.91,INR,Merchant Payment,Pending,EMV,Mumbai,Maharashtra,Kotak Mahindra Bank,Credit,Mumbai,Maharashtra,Versatile reciprocal infrastructure,2026-07,False,False
TXN000000752,CARD000143,C000079,M000080,Krishnamurthy LLC,Online Services,2025-08-18,723.68,INR,Purchase,Completed,Chip,Chennai,Tamil Nadu,Kotak Mahindra Bank,Debit,Pune,Maharashtra,Enhanced 24/7 definition,2025-08,True,False
TXN000000753,CARD000143,C000079,M000072,Jani and Sons,Electronics,2026-05-10,8826.01,INR,Purchase,Disputed,Chip,Lucknow,Uttar Pradesh,Kotak Mahindra Bank,Debit,Pune,Maharashtra,Multi-layered coherent firmware,2026-05,False,False
TXN000000754,CARD000144,C000079,M000053,Dhingra Inc,Education,2026-09-18,4291.0,INR,Bill Payment,Disputed,Contactless,Bengaluru,Karnataka,Axis Bank,Credit,Pune,Maharashtra,Realigned optimizing collaboration,2026-09,False,False
TXN000000755,CARD000144,C000079,M000099,Cheema-Dugar,Online Services,2025-12-28,5948.31,INR,Purchase,Completed,Contactless,Hyderabad,Telangana,Axis Bank,Credit,Pune,Maharashtra,Ameliorated interactive function,2025-12,True,False
TXN000000756,CARD000145,C000080,M000087,Chowdhury Inc,Entertainment,2025-05-05,3062.94,INR,Bill Payment,Completed,Contactless,Kolkata,West Bengal,ICICI Bank,Credit,Bengaluru,Karnataka,Optimized even-keeled initiative,2025-05,True,False
TXN000000757,CARD000145,C000080,M000079,"Agarwal, Dalal and Krishnamurthy",Fashion,2025-05-04,8914.31,INR,Purchase,Completed,Contactless,Delhi,Delhi,ICICI Bank,Credit,Bengaluru,Karnataka,Public-key solution-oriented firmware,2025-05,True,False
TXN000000758,CARD000149,C000083,M000010,Lall-Ravel,Electronics,2026-09-08,6527.73,INR,Purchase,Refunded,Online,Mumbai,Maharashtra,Axis Bank,Debit,Chennai,Tamil Nadu,Phased scalable matrices,2026-09,False,False
TXN000000759,CARD000151,C000084,M000079,"Agarwal, Dalal and Krishnamurthy",Fashion,2026-07-09,9415.25,INR,Purchase,Completed,ATM,Delhi,Delhi,HDFC Bank,Debit,Hyderabad,Telangana,Streamlined optimal contingency,2026-07,True,False
TXN000000760,CARD000152,C000085,M000074,"Halder, Oommen and Varty",Travel,2026-03-02,1944.78,INR,Purchase,Completed,Chip,Lucknow,Uttar Pradesh,State Bank of India,Credit,Pune,Maharashtra,Organized mission-critical frame,2026-03,True,False
TXN000000761,CARD000152,C000085,M000003,Shah-Pal,Travel,2025-11-04,333.82,INR,Purchase,Completed,Contactless,Chennai,Tamil Nadu,State Bank of India,Credit,Pune,Maharashtra,Open-source attitude-oriented attitude,2025-11,True,False
TXN000000762,CARD000152,C000085,M000091,Dhaliwal-Pandey,Health & Wellness,2026-03-15,3436.91,INR,Purchase,Disputed,Contactless,Hyderabad,Telangana,State Bank of India,Credit,Pune,Maharashtra,Open-source systematic capability,2026-03,False,False
TXN000000763,CARD000152,C000085,M000048,Chad Inc,Travel,2025-05-14,2454.76,INR,Refund,Completed,Chip,Bengaluru,Karnataka,State Bank of India,Credit,Pune,Maharashtra,Compatible optimizing strategy,2025-05,True,False
TXN000000764,CARD000152,C000085,M000030,"Varty, Rout and Banerjee",Retail,2025-11-29,2063.6,INR,Purchase,Completed,Contactless,Lucknow,Uttar Pradesh,State Bank of India,Credit,Pune,Maharashtra,Enterprise-wide eco-centric alliance,2025-11,True,False
TXN000000765,CARD000152,C000085,M000046,Nanda-Varty,Electronics,2026-04-07,1887.86,INR,Purchase,Completed,Contactless,Mumbai,Maharashtra,State Bank of India,Credit,Pune,Maharashtra,Seamless solution-oriented website,2026-04,True,False
TXN000000766,CARD000152,C000085,M000014,Karnik-Walla,Electronics,2025-10-12,6876.66,INR,Purchase,Completed,EMV,Kolkata,West Bengal,State Bank of India,Credit,Pune,Maharashtra,Cross-platform static frame,2025-10,True,False
TXN000000767,CARD000152,C000085,M000054,Sama Ltd,Grocery,2025-12-05,3284.77,INR,Wallet Top-up,Pending,Contactless,Kolkata,West Bengal,State Bank of India,Credit,Pune,Maharashtra,Versatile radical process improvement,2025-12,False,False
TXN000000768,CARD000152,C000085,M000092,"Shanker, Lalla and Bora",Fashion,2025-07-28,9500.94,INR,Purchase,Completed,Contactless,Kolkata,West Bengal,State Bank of India,Credit,Pune,Maharashtra,Versatile disintermediate monitoring,2025-07,True,False
TXN000000769,CARD000152,C000085,M000061,Mukhopadhyay-Sami,Entertainment,2025-09-22,303.26,INR,Merchant Payment,Completed,Online,Jaipur,Rajasthan,State Bank of India,Credit,Pune,Maharashtra,Monitored bottom-line installation,2025-09,True,False
TXN000000770,CARD000152,C000085,M000039,Chaudhuri-Om,Education,2025-05-27,4443.74,INR,Merchant Payment,Failed,EMV,Bengaluru,Karnataka,State Bank of India,Credit,Pune,Maharashtra,Secured didactic matrix,2025-05,False,True
TXN000000771,CARD000152,C000085,M000003,Shah-Pal,Travel,2025-08-15,3752.24,INR,Purchase,Disputed,Chip,Chennai,Tamil Nadu,State Bank of India,Credit,Pune,Maharashtra,Persevering methodical complexity,2025-08,False,False
TXN000000772,CARD000153,C000086,M000026,"Ray, Saraf and Barad",Education,2026-08-14,4706.87,INR,Purchase,Completed,Online,Jaipur,Rajasthan,Kotak Mahindra Bank,Credit,Hyderabad,Telangana,Decentralized mission-critical hierarchy,2026-08,True,False
TXN000000773,CARD000153,C000086,M000005,Bhattacharyya-Vala,Electronics,2026-01-06,890.06,INR,Bill Payment,Completed,Contactless,Hyderabad,Telangana,Kotak Mahindra Bank,Credit,Hyderabad,Telangana,Integrated holistic neural-net,2026-01,True,False
TXN000000774,CARD000153,C000086,M000034,"Kala, Rege and Narula",Electronics,2026-04-04,8757.63,INR,Purchase,Completed,Chip,Delhi,Delhi,Kotak Mahindra Bank,Credit,Hyderabad,Telangana,Reduced heuristic success,2026-04,True,False
TXN000000775,CARD000153,C000086,M000052,"Pant, Mall and Grewal",Education,2025-12-17,5556.03,INR,Purchase,Disputed,Chip,Chennai,Tamil Nadu,Kotak Mahindra Bank,Credit,Hyderabad,Telangana,Upgradable bi-directional knowledgebase,2025-12,False,False
TXN000000776,CARD000153,C000086,M000022,Pingle-Ramachandran,Health & Wellness,2026-09-26,437.54,INR,Purchase,Completed,Online,Ahmedabad,Gujarat,Kotak Mahindra Bank,Credit,Hyderabad,Telangana,Mandatory logistical toolset,2026-09,True,False
TXN000000777,CARD000153,C000086,M000098,"Contractor, Butala and Khatri",Entertainment,2026-09-30,3634.78,INR,Merchant Payment,Completed,Online,Pune,Maharashtra,Kotak Mahindra Bank,Credit,Hyderabad,Telangana,Integrated impactful success,2026-09,True,False
TXN000000778,CARD000153,C000086,M000097,Sanghvi-Parmer,Health & Wellness,2025-12-20,3851.21,INR,Bill Payment,Refunded,Chip,Chennai,Tamil Nadu,Kotak Mahindra Bank,Credit,Hyderabad,Telangana,Profound disintermediate projection,2025-12,False,False
TXN000000779,CARD000153,C000086,M000001,"Andra, Chaudhry and Dugar",Education,2025-09-27,5660.4,INR,Purchase,Completed,Contactless,Kolkata,West Bengal,Kotak Mahindra Bank,Credit,Hyderabad,Telangana,Quality-focused zero-defect intranet,2025-09,True,False
TXN000000780,CARD000153,C000086,M000072,Jani and Sons,Electronics,2026-05-07,6562.66,INR,Purchase,Completed,Chip,Lucknow,Uttar Pradesh,Kotak Mahindra Bank,Credit,Hyderabad,Telangana,Re-engineered disintermediate neural-net,2026-05,True,False
TXN000000781,CARD000153,C000086,M000100,"Banik, Raman and Sarma",Travel,2026-05-18,8591.12,INR,Purchase,Completed,Online,Hyderabad,Telangana,Kotak Mahindra Bank,Credit,Hyderabad,Telangana,Up-sized holistic matrices,2026-05,True,False
TXN000000782,CARD000153,C000086,M000010,Lall-Ravel,Electronics,2025-10-15,2202.29,INR,Purchase,Completed,Contactless,Mumbai,Maharashtra,Kotak Mahindra Bank,Credit,Hyderabad,Telangana,Proactive mobile hardware,2025-10,True,False
TXN000000783,CARD000153,C000086,M000001,"Andra, Chaudhry and Dugar",Education,2025-09-25,5058.6,INR,Purchase,Completed,EMV,Kolkata,West Bengal,Kotak Mahindra Bank,Credit,Hyderabad,Telangana,Versatile regional orchestration,2025-09,True,False
TXN000000784,CARD000154,C000086,M000042,Mahajan Inc,Fashion,2026-01-08,6006.75,INR,Purchase,Completed,Chip,Delhi,Delhi,HDFC Bank,Debit,Hyderabad,Telangana,Stand-alone background portal,2026-01,True,False
TXN000000785,CARD000154,C000086,M000092,"Shanker, Lalla and Bora",Fashion,2026-01-09,1261.2,INR,Wallet Top-up,Completed,Contactless,Kolkata,West Bengal,HDFC Bank,Debit,Hyderabad,Telangana,Grass-roots asymmetric portal,2026-01,True,False
TXN000000786,CARD000156,C000087,M000048,Chad Inc,Travel,2026-09-24,6300.21,INR,Bill Payment,Completed,Chip,Bengaluru,Karnataka,Kotak Mahindra Bank,Debit,Bengaluru,Karnataka,Organic solution-oriented firmware,2026-09,True,False
TXN000000787,CARD000158,C000087,M000042,Mahajan Inc,Fashion,2026-06-01,3237.92,INR,Refund,Completed,Online,Delhi,Delhi,State Bank of India,Credit,Bengaluru,Karnataka,Extended next generation paradigm,2026-06,True,False
TXN000000788,CARD000158,C000087,M000090,Kara-Sahota,Grocery,2026-08-19,2466.27,INR,Purchase,Completed,Chip,Ahmedabad,Gujarat,State Bank of India,Credit,Bengaluru,Karnataka,Persistent didactic framework,2026-08,True,False
TXN000000789,CARD000158,C000087,M000051,"Hegde, Choudhury and Shenoy",Retail,2025-08-25,2735.92,INR,Purchase,Completed,Online,Chennai,Tamil Nadu,State Bank of India,Credit,Bengaluru,Karnataka,Polarized needs-based model,2025-08,True,False
TXN000000790,CARD000158,C000087,M000017,Sidhu-Yogi,Retail,2026-09-22,814.81,INR,Purchase,Pending,Online,Chennai,Tamil Nadu,State Bank of India,Credit,Bengaluru,Karnataka,Automated static function,2026-09,False,False
TXN000000791,CARD000158,C000087,M000016,Bala-Natarajan,Travel,2025-05-03,7273.81,INR,Bill Payment,Completed,Online,Mumbai,Maharashtra,State Bank of India,Credit,Bengaluru,Karnataka,Networked value-added algorithm,2025-05,True,False
TXN000000792,CARD000158,C000087,M000040,Mitra-Bhatnagar,Education,2025-08-16,3293.86,INR,Bill Payment,Completed,Chip,Pune,Maharashtra,State Bank of India,Credit,Bengaluru,Karnataka,Up-sized incremental installation,2025-08,True,False
TXN000000793,CARD000159,C000088,M000037,Sane PLC,Restaurants,2025-10-31,540.66,INR,Wallet Top-up,Failed,Contactless,Jaipur,Rajasthan,Kotak Mahindra Bank,Credit,Jaipur,Rajasthan,Compatible client-driven collaboration,2025-10,False,True
TXN000000794,CARD000159,C000088,M000073,Bava-Bobal,Online Services,2025-06-02,2033.68,INR,Purchase,Refunded,Contactless,Jaipur,Rajasthan,Kotak Mahindra Bank,Credit,Jaipur,Rajasthan,Sharable leadingedge analyzer,2025-06,False,False
TXN000000795,CARD000159,C000088,M000064,"Sandal, Sami and Kanda",Retail,2026-01-17,854.94,INR,Merchant Payment,Completed,Online,Delhi,Delhi,Kotak Mahindra Bank,Credit,Jaipur,Rajasthan,Secured responsive strategy,2026-01,True,False
TXN000000796,CARD000159,C000088,M000022,Pingle-Ramachandran,Health & Wellness,2025-12-15,2586.01,INR,Bill Payment,Completed,Chip,Ahmedabad,Gujarat,Kotak Mahindra Bank,Credit,Jaipur,Rajasthan,Intuitive uniform migration,2025-12,True,False
TXN000000797,CARD000159,C000088,M000008,"Kakar, Dayal and Ganesan",Health & Wellness,2026-01-09,1400.98,INR,Refund,Completed,Contactless,Pune,Maharashtra,Kotak Mahindra Bank,Credit,Jaipur,Rajasthan,Automated explicit open system,2026-01,True,False
TXN000000798,CARD000159,C000088,M000073,Bava-Bobal,Online Services,2025-04-17,1038.1,INR,Purchase,Completed,EMV,Jaipur,Rajasthan,Kotak Mahindra Bank,Credit,Jaipur,Rajasthan,Streamlined context-sensitive artificial intelligence,2025-04,True,False
TXN000000799,CARD000159,C000088,M000100,"Banik, Raman and Sarma",Travel,2025-04-28,5398.23,INR,Purchase,Disputed,Online,Hyderabad,Telangana,Kotak Mahindra Bank,Credit,Jaipur,Rajasthan,Implemented fault-tolerant time-frame,2025-04,False,False
TXN000000800,CARD000159,C000088,M000077,Boase and Sons,Grocery,2026-01-16,1906.7,INR,Purchase,Pending,Contactless,Bengaluru,Karnataka,Kotak Mahindra Bank,Credit,Jaipur,Rajasthan,Diverse tertiary utilization,2026-01,False,False
TXN000000801,CARD000159,C000088,M000044,"Sem, Ray and Ganesh",Health & Wellness,2026-08-26,3801.3,INR,Merchant Payment,Completed,EMV,Bengaluru,Karnataka,Kotak Mahindra Bank,Credit,Jaipur,Rajasthan,Stand-alone value-added Graphic Interface,2026-08,True,False
TXN000000802,CARD000159,C000088,M000019,Sundaram LLC,Health & Wellness,2026-04-23,4213.86,INR,Purchase,Completed,Chip,Pune,Maharashtra,Kotak Mahindra Bank,Credit,Jaipur,Rajasthan,Cross-platform context-sensitive pricing structure,2026-04,True,False
TXN000000803,CARD000159,C000088,M000076,Lal-Madan,Retail,2026-04-21,296.76,INR,Wallet Top-up,Pending,Chip,Chennai,Tamil Nadu,Kotak Mahindra Bank,Credit,Jaipur,Rajasthan,Persistent systemic encoding,2026-04,False,False
TXN000000804,CARD000159,C000088,M000018,Guha Group,Retail,2026-07-04,165.56,INR,Refund,Completed,Chip,Kolkata,West Bengal,Kotak Mahindra Bank,Credit,Jaipur,Rajasthan,Grass-roots multimedia core,2026-07,True,False
TXN000000805,CARD000160,C000088,M000024,"Balasubramanian, Khanna and Sani",Restaurants,2026-03-08,1901.83,INR,Purchase,Completed,Online,Hyderabad,Telangana,ICICI Bank,Debit,Jaipur,Rajasthan,Devolved transitional encryption,2026-03,True,False
TXN000000806,CARD000160,C000088,M000030,"Varty, Rout and Banerjee",Retail,2025-07-29,2017.79,INR,Refund,Completed,Online,Lucknow,Uttar Pradesh,ICICI Bank,Debit,Jaipur,Rajasthan,Progressive stable methodology,2025-07,True,False
TXN000000807,CARD000160,C000088,M000021,Balan-Bali,Restaurants,2026-08-28,3016.66,INR,Purchase,Pending,Chip,Mumbai,Maharashtra,ICICI Bank,Debit,Jaipur,Rajasthan,Front-line contextually-based synergy,2026-08,False,False
TXN000000808,CARD000160,C000088,M000024,"Balasubramanian, Khanna and Sani",Restaurants,2025-04-26,1116.32,INR,Purchase,Completed,ATM,Hyderabad,Telangana,ICICI Bank,Debit,Jaipur,Rajasthan,Re-contextualized executive hardware,2025-04,True,False
TXN000000809,CARD000160,C000088,M000048,Chad Inc,Travel,2026-02-10,7057.75,INR,Merchant Payment,Failed,ATM,Bengaluru,Karnataka,ICICI Bank,Debit,Jaipur,Rajasthan,Robust contextually-based contingency,2026-02,False,True
TXN000000810,CARD000160,C000088,M000096,"Goyal, Chahal and Sachdeva",Grocery,2025-06-13,477.1,INR,Purchase,Completed,ATM,Hyderabad,Telangana,ICICI Bank,Debit,Jaipur,Rajasthan,Self-enabling user-facing system engine,2025-06,True,False
TXN000000811,CARD000160,C000088,M000063,Chatterjee-Borde,Retail,2026-07-25,3176.89,INR,Purchase,Failed,Contactless,Mumbai,Maharashtra,ICICI Bank,Debit,Jaipur,Rajasthan,Re-contextualized fresh-thinking focus group,2026-07,False,True
TXN000000812,CARD000160,C000088,M000072,Jani and Sons,Electronics,2026-09-05,4685.78,INR,Purchase,Completed,Online,Lucknow,Uttar Pradesh,ICICI Bank,Debit,Jaipur,Rajasthan,Intuitive 4thgeneration frame,2026-09,True,False
TXN000000813,CARD000160,C000088,M000004,"Bhargava, Sant and Bava",Electronics,2025-06-16,3839.18,INR,Purchase,Completed,ATM,Chennai,Tamil Nadu,ICICI Bank,Debit,Jaipur,Rajasthan,Focused static Graphical User Interface,2025-06,True,False
TXN000000814,CARD000160,C000088,M000098,"Contractor, Butala and Khatri",Entertainment,2025-12-19,9265.19,INR,Purchase,Completed,ATM,Pune,Maharashtra,ICICI Bank,Debit,Jaipur,Rajasthan,Customer-focused empowering capability,2025-12,True,False
TXN000000815,CARD000161,C000088,M000045,Kala-Das,Grocery,2025-10-24,377.8,INR,Bill Payment,Failed,Chip,Mumbai,Maharashtra,Axis Bank,Credit,Jaipur,Rajasthan,Enhanced client-server firmware,2025-10,False,True
TXN000000816,CARD000162,C000089,M000022,Pingle-Ramachandran,Health & Wellness,2025-05-21,5880.94,INR,Purchase,Pending,Chip,Ahmedabad,Gujarat,HDFC Bank,Credit,Mumbai,Maharashtra,Robust encompassing database,2025-05,False,False
TXN000000817,CARD000164,C000090,M000008,"Kakar, Dayal and Ganesan",Health & Wellness,2025-11-03,845.09,INR,Wallet Top-up,Refunded,Contactless,Pune,Maharashtra,State Bank of India,Credit,Kolkata,West Bengal,Synergistic maximized approach,2025-11,False,False
TXN000000818,CARD000165,C000090,M000024,"Balasubramanian, Khanna and Sani",Restaurants,2025-05-20,2170.83,INR,Purchase,Completed,ATM,Hyderabad,Telangana,ICICI Bank,Debit,Kolkata,West Bengal,Realigned intermediate standardization,2025-05,True,False
TXN000000819,CARD000165,C000090,M000006,"Pai, Sawhney and Chad",Travel,2025-07-26,7325.77,INR,Purchase,Completed,Chip,Jaipur,Rajasthan,ICICI Bank,Debit,Kolkata,West Bengal,Reactive dynamic artificial intelligence,2025-07,True,False
TXN000000820,CARD000165,C000090,M000082,"Bobal, Pai and Luthra",Grocery,2026-09-08,1316.6,INR,Purchase,Completed,Online,Kolkata,West Bengal,ICICI Bank,Debit,Kolkata,West Bengal,Extended encompassing initiative,2026-09,True,False
TXN000000821,CARD000165,C000090,M000018,Guha Group,Retail,2025-08-25,3298.83,INR,Refund,Pending,Chip,Kolkata,West Bengal,ICICI Bank,Debit,Kolkata,West Bengal,Organized mobile process improvement,2025-08,False,False
TXN000000822,CARD000165,C000090,M000050,Aggarwal-Sule,Education,2025-12-22,3133.72,INR,Bill Payment,Completed,Chip,Jaipur,Rajasthan,ICICI Bank,Debit,Kolkata,West Bengal,Programmable holistic access,2025-12,True,False
TXN000000823,CARD000165,C000090,M000060,"Gala, Balan and Ramanathan",Fashion,2026-07-19,7669.3,INR,Purchase,Completed,Chip,Kolkata,West Bengal,ICICI Bank,Debit,Kolkata,West Bengal,Managed upward-trending contingency,2026-07,True,False
TXN000000824,CARD000165,C000090,M000002,Char-Sood,Grocery,2026-09-01,333.17,INR,Purchase,Refunded,Chip,Bengaluru,Karnataka,ICICI Bank,Debit,Kolkata,West Bengal,Universal content-based architecture,2026-09,False,False
TXN000000825,CARD000165,C000090,M000069,Sarraf Ltd,Retail,2026-08-30,1174.54,INR,Purchase,Failed,Online,Jaipur,Rajasthan,ICICI Bank,Debit,Kolkata,West Bengal,Exclusive local secured line,2026-08,False,True
TXN000000826,CARD000165,C000090,M000056,Kaul Ltd,Health & Wellness,2025-11-08,1283.22,INR,Refund,Completed,Online,Lucknow,Uttar Pradesh,ICICI Bank,Debit,Kolkata,West Bengal,Streamlined 4thgeneration policy,2025-11,True,False
TXN000000827,CARD000165,C000090,M000048,Chad Inc,Travel,2025-06-22,9954.64,INR,Refund,Pending,ATM,Bengaluru,Karnataka,ICICI Bank,Debit,Kolkata,West Bengal,Cloned demand-driven throughput,2025-06,False,False
TXN000000828,CARD000165,C000090,M000055,Bala LLC,Grocery,2025-11-21,1205.94,INR,Purchase,Completed,ATM,Delhi,Delhi,ICICI Bank,Debit,Kolkata,West Bengal,Implemented bifurcated extranet,2025-11,True,False
TXN000000829,CARD000165,C000090,M000011,Krishnamurthy and Sons,Online Services,2026-02-15,523.26,INR,Purchase,Failed,ATM,Bengaluru,Karnataka,ICICI Bank,Debit,Kolkata,West Bengal,De-engineered context-sensitive collaboration,2026-02,False,True
TXN000000830,CARD000165,C000090,M000091,Dhaliwal-Pandey,Health & Wellness,2025-11-26,4314.43,INR,Bill Payment,Completed,Chip,Hyderabad,Telangana,ICICI Bank,Debit,Kolkata,West Bengal,Configurable empowering firmware,2025-11,True,False
TXN000000831,CARD000165,C000090,M000085,Sahni-Nagar,Travel,2026-09-23,5619.62,INR,Purchase,Completed,Online,Ahmedabad,Gujarat,ICICI Bank,Debit,Kolkata,West Bengal,Quality-focused mission-critical analyzer,2026-09,True,False
TXN000000832,CARD000165,C000090,M000086,"Barad, Keer and Behl",Entertainment,2026-09-12,7333.98,INR,Purchase,Completed,Online,Lucknow,Uttar Pradesh,ICICI Bank,Debit,Kolkata,West Bengal,Function-based holistic instruction set,2026-09,True,False
TXN000000833,CARD000165,C000090,M000041,Patla-Anand,Travel,2026-05-30,2037.05,INR,Purchase,Completed,Contactless,Bengaluru,Karnataka,ICICI Bank,Debit,Kolkata,West Bengal,Mandatory user-facing system engine,2026-05,True,False
TXN000000834,CARD000166,C000090,M000076,Lal-Madan,Retail,2026-03-13,3329.89,INR,Purchase,Pending,Contactless,Chennai,Tamil Nadu,State Bank of India,Debit,Kolkata,West Bengal,Vision-oriented neutral open system,2026-03,False,False
TXN000000835,CARD000166,C000090,M000092,"Shanker, Lalla and Bora",Fashion,2026-04-20,6759.54,INR,Refund,Disputed,Contactless,Kolkata,West Bengal,State Bank of India,Debit,Kolkata,West Bengal,Upgradable 6thgeneration process improvement,2026-04,False,False
TXN000000836,CARD000166,C000090,M000008,"Kakar, Dayal and Ganesan",Health & Wellness,2025-06-08,4542.95,INR,Purchase,Completed,Contactless,Pune,Maharashtra,State Bank of India,Debit,Kolkata,West Bengal,Organic human-resource artificial intelligence,2025-06,True,False
TXN000000837,CARD000166,C000090,M000053,Dhingra Inc,Education,2025-07-25,460.77,INR,Bill Payment,Completed,Chip,Bengaluru,Karnataka,State Bank of India,Debit,Kolkata,West Bengal,Organized transitional algorithm,2025-07,True,False
TXN000000838,CARD000166,C000090,M000022,Pingle-Ramachandran,Health & Wellness,2025-04-15,1916.14,INR,Purchase,Completed,Online,Ahmedabad,Gujarat,State Bank of India,Debit,Kolkata,West Bengal,Universal bifurcated approach,2025-04,True,False
TXN000000839,CARD000166,C000090,M000065,Basu Group,Online Services,2025-06-14,4926.06,INR,Purchase,Completed,ATM,Chennai,Tamil Nadu,State Bank of India,Debit,Kolkata,West Bengal,Horizontal coherent throughput,2025-06,True,False
TXN000000840,CARD000166,C000090,M000051,"Hegde, Choudhury and Shenoy",Retail,2025-04-17,2208.66,INR,Purchase,Pending,ATM,Chennai,Tamil Nadu,State Bank of India,Debit,Kolkata,West Bengal,Innovative disintermediate product,2025-04,False,False
TXN000000841,CARD000166,C000090,M000027,"Dasgupta, Padmanabhan and Mahajan",Online Services,2026-08-14,4779.48,INR,Bill Payment,Completed,ATM,Pune,Maharashtra,State Bank of India,Debit,Kolkata,West Bengal,De-engineered asynchronous challenge,2026-08,True,False
TXN000000842,CARD000166,C000090,M000019,Sundaram LLC,Health & Wellness,2026-02-22,1113.19,INR,Refund,Completed,ATM,Pune,Maharashtra,State Bank of India,Debit,Kolkata,West Bengal,Managed asynchronous leverage,2026-02,True,False
TXN000000843,CARD000166,C000090,M000028,Mane and Sons,Electronics,2025-11-04,3647.35,INR,Refund,Completed,Chip,Kolkata,West Bengal,State Bank of India,Debit,Kolkata,West Bengal,Centralized attitude-oriented interface,2025-11,True,False
TXN000000844,CARD000166,C000090,M000052,"Pant, Mall and Grewal",Education,2026-08-26,791.08,INR,Refund,Completed,Chip,Chennai,Tamil Nadu,State Bank of India,Debit,Kolkata,West Bengal,Automated logistical database,2026-08,True,False
TXN000000845,CARD000166,C000090,M000099,Cheema-Dugar,Online Services,2026-08-15,922.08,INR,Purchase,Pending,Contactless,Hyderabad,Telangana,State Bank of India,Debit,Kolkata,West Bengal,Extended tertiary firmware,2026-08,False,False
TXN000000846,CARD000166,C000090,M000084,Joshi-Kata,Entertainment,2026-08-08,397.02,INR,Purchase,Failed,Online,Delhi,Delhi,State Bank of India,Debit,Kolkata,West Bengal,Visionary tertiary monitoring,2026-08,False,True
TXN000000847,CARD000166,C000090,M000052,"Pant, Mall and Grewal",Education,2025-09-14,4829.08,INR,Purchase,Pending,Chip,Chennai,Tamil Nadu,State Bank of India,Debit,Kolkata,West Bengal,Decentralized 3rdgeneration knowledgebase,2025-09,False,False
TXN000000848,CARD000166,C000090,M000088,Manda-Borra,Travel,2025-11-26,5890.42,INR,Merchant Payment,Completed,Chip,Bengaluru,Karnataka,State Bank of India,Debit,Kolkata,West Bengal,Cloned holistic budgetary management,2025-11,True,False
TXN000000849,CARD000166,C000090,M000003,Shah-Pal,Travel,2025-11-05,239.71,INR,Refund,Completed,Contactless,Chennai,Tamil Nadu,State Bank of India,Debit,Kolkata,West Bengal,Versatile user-facing architecture,2025-11,True,False
TXN000000850,CARD000166,C000090,M000063,Chatterjee-Borde,Retail,2025-10-31,2225.78,INR,Purchase,Pending,ATM,Mumbai,Maharashtra,State Bank of India,Debit,Kolkata,West Bengal,Ergonomic multi-state model,2025-10,False,False
TXN000000851,CARD000166,C000090,M000034,"Kala, Rege and Narula",Electronics,2026-06-15,684.67,INR,Purchase,Disputed,Online,Delhi,Delhi,State Bank of India,Debit,Kolkata,West Bengal,Versatile non-volatile firmware,2026-06,False,False
TXN000000852,CARD000167,C000091,M000078,Gupta-Shetty,Grocery,2026-02-11,1373.12,INR,Purchase,Completed,Online,Bengaluru,Karnataka,HDFC Bank,Credit,Lucknow,Uttar Pradesh,User-centric contextually-based system engine,2026-02,True,False
TXN000000853,CARD000167,C000091,M000033,"Deshmukh, Sharma and Toor",Online Services,2025-08-18,1579.39,INR,Purchase,Completed,Contactless,Hyderabad,Telangana,HDFC Bank,Credit,Lucknow,Uttar Pradesh,Team-oriented zero tolerance complexity,2025-08,True,False
TXN000000854,CARD000167,C000091,M000090,Kara-Sahota,Grocery,2026-05-17,2745.12,INR,Purchase,Completed,Contactless,Ahmedabad,Gujarat,HDFC Bank,Credit,Lucknow,Uttar Pradesh,Adaptive 24/7 data-warehouse,2026-05,True,False
TXN000000855,CARD000169,C000091,M000053,Dhingra Inc,Education,2025-11-14,3922.32,INR,Wallet Top-up,Completed,Chip,Bengaluru,Karnataka,ICICI Bank,Debit,Lucknow,Uttar Pradesh,Balanced 3rdgeneration capability,2025-11,True,False
TXN000000856,CARD000169,C000091,M000095,Sehgal-Bali,Education,2025-12-01,5393.99,INR,Purchase,Completed,ATM,Chennai,Tamil Nadu,ICICI Bank,Debit,Lucknow,Uttar Pradesh,Cross-group global software,2025-12,True,False
TXN000000857,CARD000169,C000091,M000065,Basu Group,Online Services,2025-08-24,5904.35,INR,Merchant Payment,Completed,Chip,Chennai,Tamil Nadu,ICICI Bank,Debit,Lucknow,Uttar Pradesh,Networked optimal toolset,2025-08,True,False
TXN000000858,CARD000169,C000091,M000031,"Varma, Seth and Bora",Online Services,2025-06-22,4406.19,INR,Purchase,Pending,ATM,Hyderabad,Telangana,ICICI Bank,Debit,Lucknow,Uttar Pradesh,Synergistic contextually-based model,2025-06,False,False
TXN000000859,CARD000169,C000091,M000048,Chad Inc,Travel,2025-07-25,7092.67,INR,Purchase,Completed,ATM,Bengaluru,Karnataka,ICICI Bank,Debit,Lucknow,Uttar Pradesh,Implemented analyzing customer loyalty,2025-07,True,False
TXN000000860,CARD000169,C000091,M000097,Sanghvi-Parmer,Health & Wellness,2025-09-01,2056.1,INR,Purchase,Completed,ATM,Chennai,Tamil Nadu,ICICI Bank,Debit,Lucknow,Uttar Pradesh,Up-sized directional encoding,2025-09,True,False
TXN000000861,CARD000169,C000091,M000051,"Hegde, Choudhury and Shenoy",Retail,2025-10-23,441.24,INR,Refund,Completed,Online,Chennai,Tamil Nadu,ICICI Bank,Debit,Lucknow,Uttar Pradesh,Fully-configurable non-volatile orchestration,2025-10,True,False
TXN000000862,CARD000169,C000091,M000006,"Pai, Sawhney and Chad",Travel,2026-06-23,7667.73,INR,Purchase,Disputed,Contactless,Jaipur,Rajasthan,ICICI Bank,Debit,Lucknow,Uttar Pradesh,Multi-tiered bottom-line Local Area Network,2026-06,False,False
TXN000000863,CARD000169,C000091,M000085,Sahni-Nagar,Travel,2025-05-21,8822.19,INR,Purchase,Completed,Online,Ahmedabad,Gujarat,ICICI Bank,Debit,Lucknow,Uttar Pradesh,Universal value-added intranet,2025-05,True,False
TXN000000864,CARD000169,C000091,M000052,"Pant, Mall and Grewal",Education,2026-08-17,1409.85,INR,Purchase,Completed,Contactless,Chennai,Tamil Nadu,ICICI Bank,Debit,Lucknow,Uttar Pradesh,Centralized tertiary protocol,2026-08,True,False
TXN000000865,CARD000169,C000091,M000060,"Gala, Balan and Ramanathan",Fashion,2026-04-22,9852.12,INR,Purchase,Failed,ATM,Kolkata,West Bengal,ICICI Bank,Debit,Lucknow,Uttar Pradesh,Implemented solution-oriented leverage,2026-04,False,True
TXN000000866,CARD000170,C000092,M000076,Lal-Madan,Retail,2025-10-30,218.26,INR,Refund,Pending,Contactless,Chennai,Tamil Nadu,State Bank of India,Credit,Delhi,Delhi,Realigned heuristic parallelism,2025-10,False,False
TXN000000867,CARD000170,C000092,M000006,"Pai, Sawhney and Chad",Travel,2025-12-18,8403.45,INR,Purchase,Completed,Online,Jaipur,Rajasthan,State Bank of India,Credit,Delhi,Delhi,User-friendly methodical productivity,2025-12,True,False
TXN000000868,CARD000170,C000092,M000045,Kala-Das,Grocery,2026-07-22,1765.74,INR,Purchase,Completed,Online,Mumbai,Maharashtra,State Bank of India,Credit,Delhi,Delhi,Optional methodical leverage,2026-07,True,False
TXN000000869,CARD000170,C000092,M000092,"Shanker, Lalla and Bora",Fashion,2025-05-29,9734.8,INR,Bill Payment,Completed,Online,Kolkata,West Bengal,State Bank of India,Credit,Delhi,Delhi,Sharable mission-critical database,2025-05,True,False
TXN000000870,CARD000170,C000092,M000092,"Shanker, Lalla and Bora",Fashion,2025-09-04,8561.75,INR,Merchant Payment,Completed,EMV,Kolkata,West Bengal,State Bank of India,Credit,Delhi,Delhi,Multi-tiered tertiary system engine,2025-09,True,False
TXN000000871,CARD000170,C000092,M000040,Mitra-Bhatnagar,Education,2026-03-12,3575.26,INR,Bill Payment,Failed,EMV,Pune,Maharashtra,State Bank of India,Credit,Delhi,Delhi,Face-to-face well-modulated access,2026-03,False,True
TXN000000872,CARD000170,C000092,M000028,Mane and Sons,Electronics,2025-08-31,1470.41,INR,Purchase,Failed,Contactless,Kolkata,West Bengal,State Bank of India,Credit,Delhi,Delhi,Up-sized optimal hub,2025-08,False,True
TXN000000873,CARD000170,C000092,M000011,Krishnamurthy and Sons,Online Services,2026-07-02,3266.95,INR,Purchase,Failed,EMV,Bengaluru,Karnataka,State Bank of India,Credit,Delhi,Delhi,Innovative content-based project,2026-07,False,True
TXN000000874,CARD000170,C000092,M000095,Sehgal-Bali,Education,2026-08-12,552.01,INR,Purchase,Refunded,Chip,Chennai,Tamil Nadu,State Bank of India,Credit,Delhi,Delhi,Enhanced tertiary application,2026-08,False,False
TXN000000875,CARD000170,C000092,M000029,Dhillon-Chada,Electronics,2026-08-12,718.79,INR,Refund,Completed,EMV,Pune,Maharashtra,State Bank of India,Credit,Delhi,Delhi,Future-proofed motivating focus group,2026-08,True,False
TXN000000876,CARD000170,C000092,M000032,Chand-Bajaj,Grocery,2026-03-26,644.14,INR,Purchase,Completed,EMV,Bengaluru,Karnataka,State Bank of India,Credit,Delhi,Delhi,Synchronized optimal middleware,2026-03,True,False
TXN000000877,CARD000171,C000092,M000091,Dhaliwal-Pandey,Health & Wellness,2025-09-14,5519.37,INR,Purchase,Failed,ATM,Hyderabad,Telangana,State Bank of India,Debit,Delhi,Delhi,Front-line web-enabled open architecture,2025-09,False,True
TXN000000878,CARD000171,C000092,M000036,Patla-Date,Grocery,2026-03-02,3344.9,INR,Purchase,Completed,ATM,Delhi,Delhi,State Bank of India,Debit,Delhi,Delhi,Cloned impactful attitude,2026-03,True,False
TXN000000879,CARD000171,C000092,M000035,Ghose and Sons,Retail,2026-09-30,2330.37,INR,Purchase,Refunded,Contactless,Bengaluru,Karnataka,State Bank of India,Debit,Delhi,Delhi,Optimized human-resource budgetary management,2026-09,False,False
TXN000000880,CARD000171,C000092,M000019,Sundaram LLC,Health & Wellness,2026-07-02,4748.77,INR,Purchase,Completed,ATM,Pune,Maharashtra,State Bank of India,Debit,Delhi,Delhi,Synchronized cohesive throughput,2026-07,True,False
TXN000000881,CARD000171,C000092,M000056,Kaul Ltd,Health & Wellness,2025-08-06,4716.28,INR,Purchase,Completed,Chip,Lucknow,Uttar Pradesh,State Bank of India,Debit,Delhi,Delhi,Optimized maximized service-desk,2025-08,True,False
TXN000000882,CARD000171,C000092,M000034,"Kala, Rege and Narula",Electronics,2025-09-16,6673.31,INR,Purchase,Completed,Contactless,Delhi,Delhi,State Bank of India,Debit,Delhi,Delhi,Team-oriented static frame,2025-09,True,False
TXN000000883,CARD000171,C000092,M000022,Pingle-Ramachandran,Health & Wellness,2025-07-14,5839.62,INR,Purchase,Pending,ATM,Ahmedabad,Gujarat,State Bank of India,Debit,Delhi,Delhi,Visionary asynchronous open system,2025-07,False,False
TXN000000884,CARD000171,C000092,M000034,"Kala, Rege and Narula",Electronics,2026-07-10,934.34,INR,Purchase,Failed,Contactless,Delhi,Delhi,State Bank of India,Debit,Delhi,Delhi,Optional non-volatile groupware,2026-07,False,True
TXN000000885,CARD000171,C000092,M000055,Bala LLC,Grocery,2025-12-21,3285.83,INR,Refund,Pending,Online,Delhi,Delhi,State Bank of India,Debit,Delhi,Delhi,Upgradable directional support,2025-12,False,False
TXN000000886,CARD000171,C000092,M000075,Keer Inc,Restaurants,2026-04-06,139.63,INR,Refund,Completed,ATM,Hyderabad,Telangana,State Bank of India,Debit,Delhi,Delhi,Synergized 6thgeneration model,2026-04,True,False
TXN000000887,CARD000171,C000092,M000008,"Kakar, Dayal and Ganesan",Health & Wellness,2025-09-23,4221.16,INR,Purchase,Refunded,Chip,Pune,Maharashtra,State Bank of India,Debit,Delhi,Delhi,User-friendly needs-based architecture,2025-09,False,False
TXN000000888,CARD000171,C000092,M000055,Bala LLC,Grocery,2025-11-01,2279.13,INR,Merchant Payment,Pending,Online,Delhi,Delhi,State Bank of India,Debit,Delhi,Delhi,Enhanced impactful application,2025-11,False,False
TXN000000889,CARD000172,C000093,M000089,Savant Ltd,Travel,2026-02-01,6494.93,INR,Purchase,Completed,ATM,Chennai,Tamil Nadu,State Bank of India,Debit,Jaipur,Rajasthan,Enterprise-wide user-facing neural-net,2026-02,True,False
TXN000000890,CARD000172,C000093,M000096,"Goyal, Chahal and Sachdeva",Grocery,2026-04-14,2204.73,INR,Purchase,Completed,Chip,Hyderabad,Telangana,State Bank of India,Debit,Jaipur,Rajasthan,Expanded bifurcated concept,2026-04,True,False
TXN000000891,CARD000172,C000093,M000040,Mitra-Bhatnagar,Education,2026-03-18,4994.65,INR,Purchase,Completed,Chip,Pune,Maharashtra,State Bank of India,Debit,Jaipur,Rajasthan,Distributed global groupware,2026-03,True,False
TXN000000892,CARD000173,C000093,M000051,"Hegde, Choudhury and Shenoy",Retail,2026-03-12,1256.46,INR,Purchase,Disputed,Online,Chennai,Tamil Nadu,Axis Bank,Debit,Jaipur,Rajasthan,Streamlined responsive model,2026-03,False,False
TXN000000893,CARD000173,C000093,M000058,"Rattan, Merchant and Mishra",Grocery,2025-10-14,2448.76,INR,Purchase,Completed,Contactless,Ahmedabad,Gujarat,Axis Bank,Debit,Jaipur,Rajasthan,Grass-roots 24hour conglomeration,2025-10,True,False
TXN000000894,CARD000174,C000094,M000075,Keer Inc,Restaurants,2025-09-05,1974.31,INR,Purchase,Completed,ATM,Hyderabad,Telangana,Axis Bank,Debit,Pune,Maharashtra,Open-architected discrete moratorium,2025-09,True,False
TXN000000895,CARD000174,C000094,M000019,Sundaram LLC,Health & Wellness,2025-09-18,4777.27,INR,Purchase,Completed,Contactless,Pune,Maharashtra,Axis Bank,Debit,Pune,Maharashtra,Extended reciprocal function,2025-09,True,False
TXN000000896,CARD000174,C000094,M000039,Chaudhuri-Om,Education,2025-11-02,3566.42,INR,Purchase,Completed,ATM,Bengaluru,Karnataka,Axis Bank,Debit,Pune,Maharashtra,Face-to-face responsive archive,2025-11,True,False
TXN000000897,CARD000174,C000094,M000033,"Deshmukh, Sharma and Toor",Online Services,2026-08-06,3629.87,INR,Purchase,Pending,Online,Hyderabad,Telangana,Axis Bank,Debit,Pune,Maharashtra,Progressive regional moderator,2026-08,False,False
TXN000000898,CARD000174,C000094,M000100,"Banik, Raman and Sarma",Travel,2025-10-07,7317.36,INR,Purchase,Pending,Online,Hyderabad,Telangana,Axis Bank,Debit,Pune,Maharashtra,Versatile local circuit,2025-10,False,False
TXN000000899,CARD000174,C000094,M000040,Mitra-Bhatnagar,Education,2025-06-09,160.99,INR,Refund,Completed,Chip,Pune,Maharashtra,Axis Bank,Debit,Pune,Maharashtra,Operative needs-based throughput,2025-06,True,False
TXN000000900,CARD000174,C000094,M000058,"Rattan, Merchant and Mishra",Grocery,2025-12-22,433.19,INR,Purchase,Completed,Contactless,Ahmedabad,Gujarat,Axis Bank,Debit,Pune,Maharashtra,Grass-roots mobile core,2025-12,True,False
TXN000000901,CARD000174,C000094,M000037,Sane PLC,Restaurants,2026-08-07,2604.42,INR,Bill Payment,Completed,ATM,Jaipur,Rajasthan,Axis Bank,Debit,Pune,Maharashtra,Public-key mobile initiative,2026-08,True,False
TXN000000902,CARD000175,C000094,M000067,Dewan-Iyer,Electronics,2026-06-29,3585.79,INR,Purchase,Completed,Online,Hyderabad,Telangana,State Bank of India,Debit,Pune,Maharashtra,Quality-focused background Graphical User Interface,2026-06,True,False
TXN000000903,CARD000175,C000094,M000033,"Deshmukh, Sharma and Toor",Online Services,2026-05-01,5179.79,INR,Purchase,Completed,Chip,Hyderabad,Telangana,State Bank of India,Debit,Pune,Maharashtra,Centralized composite extranet,2026-05,True,False
TXN000000904,CARD000175,C000094,M000072,Jani and Sons,Electronics,2026-08-26,580.11,INR,Wallet Top-up,Failed,Chip,Lucknow,Uttar Pradesh,State Bank of India,Debit,Pune,Maharashtra,Face-to-face intangible utilization,2026-08,False,True
TXN000000905,CARD000178,C000096,M000048,Chad Inc,Travel,2025-07-19,7948.08,INR,Merchant Payment,Completed,Chip,Bengaluru,Karnataka,HDFC Bank,Debit,Kolkata,West Bengal,Versatile high-level implementation,2025-07,True,False
TXN000000906,CARD000178,C000096,M000027,"Dasgupta, Padmanabhan and Mahajan",Online Services,2025-04-19,5433.58,INR,Wallet Top-up,Completed,Chip,Pune,Maharashtra,HDFC Bank,Debit,Kolkata,West Bengal,Triple-buffered secondary superstructure,2025-04,True,False
TXN000000907,CARD000178,C000096,M000053,Dhingra Inc,Education,2025-08-20,4493.49,INR,Purchase,Completed,Contactless,Bengaluru,Karnataka,HDFC Bank,Debit,Kolkata,West Bengal,Reduced foreground extranet,2025-08,True,False
TXN000000908,CARD000178,C000096,M000072,Jani and Sons,Electronics,2026-01-06,1364.07,INR,Purchase,Completed,Online,Lucknow,Uttar Pradesh,HDFC Bank,Debit,Kolkata,West Bengal,Networked stable encryption,2026-01,True,False
TXN000000909,CARD000179,C000096,M000078,Gupta-Shetty,Grocery,2025-05-21,2231.12,INR,Purchase,Completed,Online,Bengaluru,Karnataka,HDFC Bank,Credit,Kolkata,West Bengal,Upgradable leadingedge support,2025-05,True,False
TXN000000910,CARD000179,C000096,M000058,"Rattan, Merchant and Mishra",Grocery,2025-09-14,690.27,INR,Purchase,Completed,Chip,Ahmedabad,Gujarat,HDFC Bank,Credit,Kolkata,West Bengal,Programmable didactic attitude,2025-09,True,False
TXN000000911,CARD000179,C000096,M000057,Bora-Grewal,Health & Wellness,2025-06-20,5604.59,INR,Purchase,Completed,Online,Bengaluru,Karnataka,HDFC Bank,Credit,Kolkata,West Bengal,Optional scalable productivity,2025-06,True,False
TXN000000912,CARD000179,C000096,M000040,Mitra-Bhatnagar,Education,2026-04-19,2514.27,INR,Purchase,Disputed,Online,Pune,Maharashtra,HDFC Bank,Credit,Kolkata,West Bengal,Optimized analyzing array,2026-04,False,False
TXN000000913,CARD000179,C000096,M000081,"Madan, Balan and Bahl",Travel,2026-04-08,7127.0,INR,Purchase,Completed,Online,Mumbai,Maharashtra,HDFC Bank,Credit,Kolkata,West Bengal,Innovative actuating projection,2026-04,True,False
TXN000000914,CARD000179,C000096,M000002,Char-Sood,Grocery,2026-02-22,2943.89,INR,Purchase,Pending,EMV,Bengaluru,Karnataka,HDFC Bank,Credit,Kolkata,West Bengal,Monitored systemic middleware,2026-02,False,False
TXN000000915,CARD000179,C000096,M000068,Padmanabhan Group,Fashion,2025-07-13,5222.54,INR,Refund,Completed,Online,Bengaluru,Karnataka,HDFC Bank,Credit,Kolkata,West Bengal,Organized zero-defect capacity,2025-07,True,False
TXN000000916,CARD000179,C000096,M000060,"Gala, Balan and Ramanathan",Fashion,2025-07-18,680.4,INR,Purchase,Completed,Online,Kolkata,West Bengal,HDFC Bank,Credit,Kolkata,West Bengal,Configurable needs-based circuit,2025-07,True,False
TXN000000917,CARD000179,C000096,M000048,Chad Inc,Travel,2026-04-21,6400.26,INR,Purchase,Completed,Chip,Bengaluru,Karnataka,HDFC Bank,Credit,Kolkata,West Bengal,Proactive logistical product,2026-04,True,False
TXN000000918,CARD000179,C000096,M000008,"Kakar, Dayal and Ganesan",Health & Wellness,2026-05-15,4041.14,INR,Bill Payment,Pending,Online,Pune,Maharashtra,HDFC Bank,Credit,Kolkata,West Bengal,Grass-roots hybrid matrices,2026-05,False,False
TXN000000919,CARD000179,C000096,M000004,"Bhargava, Sant and Bava",Electronics,2025-07-03,7807.97,INR,Purchase,Pending,Contactless,Chennai,Tamil Nadu,HDFC Bank,Credit,Kolkata,West Bengal,Front-line hybrid capacity,2025-07,False,False
TXN000000920,CARD000180,C000097,M000032,Chand-Bajaj,Grocery,2026-06-06,3398.2,INR,Purchase,Completed,Online,Bengaluru,Karnataka,HDFC Bank,Debit,Kolkata,West Bengal,Multi-channeled empowering core,2026-06,True,False
TXN000000921,CARD000180,C000097,M000033,"Deshmukh, Sharma and Toor",Online Services,2026-02-08,2475.76,INR,Purchase,Failed,Online,Hyderabad,Telangana,HDFC Bank,Debit,Kolkata,West Bengal,Compatible static collaboration,2026-02,False,True
TXN000000922,CARD000181,C000097,M000004,"Bhargava, Sant and Bava",Electronics,2026-03-20,811.57,INR,Refund,Completed,Contactless,Chennai,Tamil Nadu,State Bank of India,Credit,Kolkata,West Bengal,Self-enabling bifurcated matrix,2026-03,True,False
TXN000000923,CARD000181,C000097,M000024,"Balasubramanian, Khanna and Sani",Restaurants,2026-01-11,371.34,INR,Refund,Completed,Contactless,Hyderabad,Telangana,State Bank of India,Credit,Kolkata,West Bengal,Switchable well-modulated intranet,2026-01,True,False
TXN000000924,CARD000181,C000097,M000051,"Hegde, Choudhury and Shenoy",Retail,2026-06-12,3174.12,INR,Wallet Top-up,Completed,Chip,Chennai,Tamil Nadu,State Bank of India,Credit,Kolkata,West Bengal,Advanced fault-tolerant utilization,2026-06,True,False
TXN000000925,CARD000181,C000097,M000099,Cheema-Dugar,Online Services,2025-09-27,1008.36,INR,Purchase,Completed,Chip,Hyderabad,Telangana,State Bank of India,Credit,Kolkata,West Bengal,Horizontal explicit protocol,2025-09,True,False
TXN000000926,CARD000183,C000098,M000050,Aggarwal-Sule,Education,2025-06-27,1861.37,INR,Purchase,Completed,Online,Jaipur,Rajasthan,HDFC Bank,Credit,Lucknow,Uttar Pradesh,Exclusive explicit project,2025-06,True,False
TXN000000927,CARD000183,C000098,M000071,Contractor-Dayal,Grocery,2026-01-10,1326.93,INR,Purchase,Refunded,Contactless,Delhi,Delhi,HDFC Bank,Credit,Lucknow,Uttar Pradesh,Digitized multimedia frame,2026-01,False,False
TXN000000928,CARD000183,C000098,M000046,Nanda-Varty,Electronics,2026-01-22,6449.28,INR,Purchase,Completed,EMV,Mumbai,Maharashtra,HDFC Bank,Credit,Lucknow,Uttar Pradesh,Enterprise-wide executive extranet,2026-01,True,False
TXN000000929,CARD000183,C000098,M000001,"Andra, Chaudhry and Dugar",Education,2026-04-14,4971.58,INR,Purchase,Completed,EMV,Kolkata,West Bengal,HDFC Bank,Credit,Lucknow,Uttar Pradesh,Persistent impactful archive,2026-04,True,False
TXN000000930,CARD000183,C000098,M000061,Mukhopadhyay-Sami,Entertainment,2026-09-07,4764.54,INR,Purchase,Completed,EMV,Jaipur,Rajasthan,HDFC Bank,Credit,Lucknow,Uttar Pradesh,Digitized bottom-line interface,2026-09,True,False
TXN000000931,CARD000183,C000098,M000043,Nadkarni Inc,Education,2026-08-23,5176.32,INR,Purchase,Completed,EMV,Delhi,Delhi,HDFC Bank,Credit,Lucknow,Uttar Pradesh,Ergonomic 4thgeneration data-warehouse,2026-08,True,False
TXN000000932,CARD000183,C000098,M000047,Raval and Sons,Health & Wellness,2026-01-29,685.4,INR,Refund,Completed,Online,Kolkata,West Bengal,HDFC Bank,Credit,Lucknow,Uttar Pradesh,Optimized intermediate analyzer,2026-01,True,False
TXN000000933,CARD000183,C000098,M000079,"Agarwal, Dalal and Krishnamurthy",Fashion,2026-03-14,2116.34,INR,Purchase,Completed,EMV,Delhi,Delhi,HDFC Bank,Credit,Lucknow,Uttar Pradesh,Innovative web-enabled installation,2026-03,True,False
TXN000000934,CARD000183,C000098,M000040,Mitra-Bhatnagar,Education,2025-07-20,3596.85,INR,Purchase,Disputed,Chip,Pune,Maharashtra,HDFC Bank,Credit,Lucknow,Uttar Pradesh,Distributed intangible infrastructure,2025-07,False,False
TXN000000935,CARD000183,C000098,M000056,Kaul Ltd,Health & Wellness,2025-06-14,646.39,INR,Purchase,Failed,EMV,Lucknow,Uttar Pradesh,HDFC Bank,Credit,Lucknow,Uttar Pradesh,Expanded multimedia instruction set,2025-06,False,True
TXN000000936,CARD000183,C000098,M000076,Lal-Madan,Retail,2026-03-17,1600.41,INR,Bill Payment,Completed,EMV,Chennai,Tamil Nadu,HDFC Bank,Credit,Lucknow,Uttar Pradesh,Synchronized exuding attitude,2026-03,True,False
TXN000000937,CARD000183,C000098,M000074,"Halder, Oommen and Varty",Travel,2025-06-08,4204.78,INR,Purchase,Refunded,Online,Lucknow,Uttar Pradesh,HDFC Bank,Credit,Lucknow,Uttar Pradesh,Decentralized discrete matrix,2025-06,False,False
TXN000000938,CARD000183,C000098,M000085,Sahni-Nagar,Travel,2025-11-23,6832.65,INR,Purchase,Completed,Online,Ahmedabad,Gujarat,HDFC Bank,Credit,Lucknow,Uttar Pradesh,Face-to-face bottom-line Internet solution,2025-11,True,False
TXN000000939,CARD000183,C000098,M000095,Sehgal-Bali,Education,2025-08-14,2183.01,INR,Wallet Top-up,Completed,EMV,Chennai,Tamil Nadu,HDFC Bank,Credit,Lucknow,Uttar Pradesh,De-engineered even-keeled contingency,2025-08,True,False
TXN000000940,CARD000183,C000098,M000063,Chatterjee-Borde,Retail,2025-10-14,1845.77,INR,Purchase,Completed,EMV,Mumbai,Maharashtra,HDFC Bank,Credit,Lucknow,Uttar Pradesh,Re-contextualized grid-enabled firmware,2025-10,True,False
TXN000000941,CARD000183,C000098,M000074,"Halder, Oommen and Varty",Travel,2026-01-21,5604.38,INR,Purchase,Completed,EMV,Lucknow,Uttar Pradesh,HDFC Bank,Credit,Lucknow,Uttar Pradesh,Multi-tiered coherent encryption,2026-01,True,False
TXN000000942,CARD000184,C000099,M000043,Nadkarni Inc,Education,2026-05-20,5525.08,INR,Purchase,Completed,EMV,Delhi,Delhi,Kotak Mahindra Bank,Credit,Delhi,Delhi,Digitized well-modulated encoding,2026-05,True,False
TXN000000943,CARD000184,C000099,M000051,"Hegde, Choudhury and Shenoy",Retail,2025-09-19,3025.3,INR,Purchase,Completed,Contactless,Chennai,Tamil Nadu,Kotak Mahindra Bank,Credit,Delhi,Delhi,Inverse multi-tasking help-desk,2025-09,True,False
TXN000000944,CARD000185,C000099,M000017,Sidhu-Yogi,Retail,2026-06-10,2321.71,INR,Refund,Failed,EMV,Chennai,Tamil Nadu,State Bank of India,Credit,Delhi,Delhi,Persevering bandwidth-monitored budgetary management,2026-06,False,True
TXN000000945,CARD000185,C000099,M000070,Kala-Borah,Fashion,2025-06-18,6401.16,INR,Purchase,Completed,Online,Delhi,Delhi,State Bank of India,Credit,Delhi,Delhi,Open-architected logistical implementation,2025-06,True,False
TXN000000946,CARD000185,C000099,M000095,Sehgal-Bali,Education,2025-12-10,5633.4,INR,Purchase,Completed,Chip,Chennai,Tamil Nadu,State Bank of India,Credit,Delhi,Delhi,Function-based high-level contingency,2025-12,True,False
TXN000000947,CARD000185,C000099,M000003,Shah-Pal,Travel,2025-04-17,1679.87,INR,Purchase,Pending,Online,Chennai,Tamil Nadu,State Bank of India,Credit,Delhi,Delhi,Reverse-engineered object-oriented challenge,2025-04,False,False
TXN000000948,CARD000185,C000099,M000017,Sidhu-Yogi,Retail,2025-12-24,1402.1,INR,Purchase,Completed,Contactless,Chennai,Tamil Nadu,State Bank of India,Credit,Delhi,Delhi,Fundamental secondary encryption,2025-12,True,False
TXN000000949,CARD000185,C000099,M000032,Chand-Bajaj,Grocery,2025-08-06,2021.37,INR,Purchase,Failed,Chip,Bengaluru,Karnataka,State Bank of India,Credit,Delhi,Delhi,Decentralized asynchronous Internet solution,2025-08,False,True
TXN000000950,CARD000185,C000099,M000091,Dhaliwal-Pandey,Health & Wellness,2025-12-21,4006.92,INR,Purchase,Completed,EMV,Hyderabad,Telangana,State Bank of India,Credit,Delhi,Delhi,Implemented explicit task-force,2025-12,True,False
TXN000000951,CARD000185,C000099,M000008,"Kakar, Dayal and Ganesan",Health & Wellness,2025-10-13,5566.39,INR,Purchase,Disputed,Chip,Pune,Maharashtra,State Bank of India,Credit,Delhi,Delhi,Sharable tangible open system,2025-10,False,False
TXN000000952,CARD000185,C000099,M000032,Chand-Bajaj,Grocery,2026-03-21,2671.55,INR,Purchase,Completed,EMV,Bengaluru,Karnataka,State Bank of India,Credit,Delhi,Delhi,Persevering client-server workforce,2026-03,True,False
TXN000000953,CARD000185,C000099,M000036,Patla-Date,Grocery,2025-05-28,2885.7,INR,Purchase,Completed,Chip,Delhi,Delhi,State Bank of India,Credit,Delhi,Delhi,Customer-focused bifurcated contingency,2025-05,True,False
TXN000000954,CARD000185,C000099,M000059,Parekh-Cherian,Fashion,2025-05-17,2671.45,INR,Purchase,Pending,EMV,Bengaluru,Karnataka,State Bank of India,Credit,Delhi,Delhi,Visionary system-worthy access,2025-05,False,False
TXN000000955,CARD000185,C000099,M000012,Kade Ltd,Health & Wellness,2026-01-24,3815.63,INR,Bill Payment,Pending,EMV,Delhi,Delhi,State Bank of India,Credit,Delhi,Delhi,Open-architected client-driven policy,2026-01,False,False
TXN000000956,CARD000185,C000099,M000055,Bala LLC,Grocery,2026-05-27,1567.72,INR,Purchase,Pending,Contactless,Delhi,Delhi,State Bank of India,Credit,Delhi,Delhi,Adaptive didactic monitoring,2026-05,False,False
TXN000000957,CARD000185,C000099,M000052,"Pant, Mall and Grewal",Education,2025-04-30,1370.54,INR,Refund,Completed,Chip,Chennai,Tamil Nadu,State Bank of India,Credit,Delhi,Delhi,Diverse hybrid architecture,2025-04,True,False
TXN000000958,CARD000185,C000099,M000043,Nadkarni Inc,Education,2026-01-25,3178.19,INR,Purchase,Completed,EMV,Delhi,Delhi,State Bank of India,Credit,Delhi,Delhi,Multi-channeled static monitoring,2026-01,True,False
TXN000000959,CARD000185,C000099,M000032,Chand-Bajaj,Grocery,2026-03-15,1046.65,INR,Purchase,Completed,EMV,Bengaluru,Karnataka,State Bank of India,Credit,Delhi,Delhi,Profound high-level protocol,2026-03,True,False
TXN000000960,CARD000186,C000100,M000088,Manda-Borra,Travel,2025-06-26,5760.81,INR,Refund,Pending,Chip,Bengaluru,Karnataka,ICICI Bank,Credit,Lucknow,Uttar Pradesh,User-friendly coherent core,2025-06,False,False
TXN000000961,CARD000186,C000100,M000099,Cheema-Dugar,Online Services,2026-02-28,2145.14,INR,Refund,Completed,Contactless,Hyderabad,Telangana,ICICI Bank,Credit,Lucknow,Uttar Pradesh,Right-sized client-server protocol,2026-02,True,False
TXN000000962,CARD000186,C000100,M000042,Mahajan Inc,Fashion,2025-12-04,8878.38,INR,Purchase,Failed,Contactless,Delhi,Delhi,ICICI Bank,Credit,Lucknow,Uttar Pradesh,Enterprise-wide zero tolerance implementation,2025-12,False,True
TXN000000963,CARD000186,C000100,M000095,Sehgal-Bali,Education,2025-09-10,2084.03,INR,Refund,Completed,Chip,Chennai,Tamil Nadu,ICICI Bank,Credit,Lucknow,Uttar Pradesh,Polarized optimal extranet,2025-09,True,False
TXN000000964,CARD000187,C000100,M000052,"Pant, Mall and Grewal",Education,2025-09-19,5243.82,INR,Purchase,Completed,Chip,Chennai,Tamil Nadu,Axis Bank,Credit,Lucknow,Uttar Pradesh,Face-to-face foreground portal,2025-09,True,False
